{
"skeleton": { "hash": "bP3cGvwo4p6jBEGK59Nx4YYuluE", "spine": "3.6.52", "width": 64.2, "height": 81, "images": "" },
"bones": [
	{ "name": "root", "scaleX": 0.6, "scaleY": 0.6 },
	{ "name": "gan", "parent": "root", "length": 35, "rotation": -90 }
],
"slots": [
	{ "name": "res/gbl_ttj_zt3", "bone": "gan", "attachment": "res/21_01" }
],
"skins": {
	"default": {
		"res/gbl_ttj_zt3": {
			"res/21_01": { "rotation": 90, "width": 107, "height": 135 }
		}
	}
},
"animations": {
	"gbl_ttj_run1": {
		"slots": {
			"res/gbl_ttj_zt3": {
				"attachment": [
					{ "time": 0, "name": "res/21_01" }
				]
			}
		}
	},
	"gbl_ttj_run2": {
		"slots": {
			"res/gbl_ttj_zt3": {
				"attachment": [
					{ "time": 0, "name": "res/21_01" }
				]
			}
		}
	}
}
}