{
"skeleton": { "hash": "J7vCg6RQ8zs87g5TAlapvrXMiFg", "spine": "3.4.02", "width": 0, "height": 0, "images": "" },
"bones": [
	{ "name": "root" },
	{ "name": "bone", "parent": "root", "length": 54.33, "rotation": 48.08, "x": -23.31, "y": -41 },
	{ "name": "bone2", "parent": "bone", "length": 49.28, "rotation": 35.32, "x": 54.33, "y": -0.22 },
	{ "name": "bone3", "parent": "bone2", "length": 12.91, "rotation": 59.91, "x": 34.22, "y": 31.35 },
	{ "name": "bone4", "parent": "bone3", "length": 16.94, "rotation": 29.55, "x": 12.91, "y": 0.04 },
	{ "name": "bone5", "parent": "bone2", "length": 9.03, "rotation": -39.53, "x": 41.61, "y": -10 },
	{ "name": "bone6", "parent": "bone5", "length": 10.15, "rotation": -8.94, "x": 9.03, "y": 0.01 },
	{ "name": "bone7", "parent": "bone", "length": 11.24, "rotation": -106.65, "x": 29.26, "y": 17.07 },
	{ "name": "bone8", "parent": "bone", "length": 10.45, "rotation": -141.78, "x": 70.85, "y": -25.81 },
	{ "name": "bone9", "parent": "bone", "length": 16.16, "rotation": 171.49, "x": 0.42, "y": 8.58 },
	{ "name": "bone10", "parent": "bone", "length": 9.71, "rotation": -146.83, "x": 16.46, "y": -17.41 }
],
"slots": [
	{ "name": "res/youjiao", "bone": "bone9", "attachment": "res/youjiao" },
	{ "name": "res/zuojiao", "bone": "bone10", "attachment": "res/zuojiao" },
	{ "name": "res/shen", "bone": "root", "attachment": "res/shen" },
	{ "name": "res/youer", "bone": "root", "attachment": "res/youer" },
	{ "name": "res/zuoer", "bone": "root", "attachment": "res/zuoer" },
	{ "name": "res/youshou", "bone": "bone7", "attachment": "res/youshou" },
	{ "name": "res/zuoshou", "bone": "bone8", "attachment": "res/zuoshou" }
],
"skins": {
	"default": {
		"res/shen": {
			"res/shen": {
				"type": "mesh",
				"uvs": [ 0.36266, 0, 0.13239, 0.17252, 0, 0.45401, 0, 0.75426, 0.2083, 1, 0.52715, 1, 0.75489, 1, 1, 0.77035, 1, 0.39235, 0.87636, 0.08406, 0.75689, 0.04272, 0.63343, 0, 0.6891, 0.21274, 0.72453, 0.46473, 0.72959, 0.73282, 0.6562, 0.88294, 0.8055, 0.18325, 0.87382, 0.4272, 0.88142, 0.72745, 0.41074, 0.21006, 0.37785, 0.48618, 0.32471, 0.79179 ],
				"triangles": [ 18, 8, 7, 13, 19, 12, 13, 20, 19, 13, 17, 18, 18, 17, 8, 20, 1, 19, 17, 12, 16, 17, 13, 12, 17, 16, 8, 16, 9, 8, 19, 11, 12, 12, 10, 16, 12, 11, 10, 1, 0, 19, 19, 0, 11, 16, 10, 9, 6, 18, 7, 5, 15, 6, 15, 14, 6, 6, 14, 18, 4, 21, 5, 5, 21, 15, 4, 3, 21, 15, 21, 14, 14, 20, 13, 20, 14, 21, 21, 3, 20, 3, 2, 20, 14, 13, 18, 2, 1, 20 ],
				"vertices": [ 2, 1, 75.69, 56.13, 0.08458, 2, 50.01, 33.62, 0.91541, 2, 1, 46.26, 62.83, 0.39615, 2, 29.88, 56.1, 0.60384, 2, 1, 15.64, 54.38, 0.79452, 2, 0.01, 66.92, 0.20547, 2, 1, -6.91, 34.12, 0.97584, 2, -30.11, 63.44, 0.02415, 1, 1, -10.49, 0.95, 1, 2, 1, 12.28, -24.42, 0.99908, 2, -48.3, 4.57, 9.1E-4, 2, 1, 28.56, -42.56, 0.93847, 2, -45.5, -19.62999, 0.06152, 2, 1, 63.34, -46.58, 0.6237, 2, -19.45999, -43.03, 0.37628, 2, 1, 91.75, -21.08, 0.12145, 2, 18.45999, -38.65, 0.87854, 1, 2, 47.88, -21.94, 1, 2, 1, 100.66, 21.86, 1.0E-5, 2, 50.56, -8.76, 0.99998, 2, 1, 95.04, 34.57, 0, 2, 53.33, 4.84, 0.99999, 1, 2, 32.66999, -3.53, 1, 2, 1, 66.62, -4.03, 0.07921, 2, 7.82, -10.21, 0.92077, 2, 1, 46.84, -22.52, 0.85491, 2, -19.01, -13.85, 0.14508, 2, 1, 30.31, -26.8, 0.97092, 2, -34.97, -7.79, 0.02907, 1, 2, 37.05, -15.56, 1, 2, 1, 80.12, -13.38, 0.15459, 2, 13.42, -25.64, 0.84539, 2, 1, 58.09, -34.25, 0.59235, 2, -16.61, -29.93, 0.40764, 2, 1, 63.34, 38.13, 0.1397, 2, 29.52, 26.08, 0.86029, 2, 1, 40.23, 22.12, 0.60715, 2, 1.42, 26.38, 0.39284, 2, 1, 13.46, 5.73, 0.99879, 2, -29.89, 28.49, 0.0012 ],
				"hull": 12,
				"edges": [ 0, 2, 2, 4, 4, 6, 6, 8, 8, 10, 10, 12, 12, 14, 14, 16, 16, 18, 0, 22, 18, 20, 20, 22 ],
				"width": 107,
				"height": 101
			}
		},
		"res/youer": {
			"res/youer": {
				"type": "mesh",
				"uvs": [ 0.29305, 0, 0, 0.17263, 0, 0.42045, 0.24328, 0.65097, 0.43573, 0.93913, 0.67132, 1, 0.90691, 0.98524, 1, 0.71437, 1, 0.25332, 0.80073, 0, 0.54523, 0, 0.26319, 0.27061, 0.49546, 0.38587, 0.70119, 0.64521 ],
				"triangles": [ 4, 3, 13, 3, 12, 13, 3, 11, 12, 3, 2, 11, 9, 12, 10, 2, 1, 11, 12, 11, 10, 10, 11, 0, 11, 1, 0, 6, 5, 13, 5, 4, 13, 6, 13, 7, 13, 8, 7, 13, 12, 8, 12, 9, 8 ],
				"vertices": [ 1, 4, 10.61, -5.67, 1, 1, 4, 19.79999, -1.22, 1, 1, 4, 19.21999, 3.44, 1, 2, 3, 18.87, 11.23, 0.02528, 4, 10.71, 6.79, 0.97471, 2, 3, 10.51, 11.83, 0.41875, 4, 3.73, 11.44, 0.58124, 2, 3, 3.58, 8.10999, 0.89563, 4, -4.12, 11.62, 0.10436, 1, 3, -2.47, 3.24, 1, 1, 3, -1.86, -2.71, 1, 1, 3, 3.36, -9.72999, 1, 2, 3, 11.51, -9.67, 0.88702, 4, -6, -7.75, 0.11297, 2, 3, 18.27, -4.63, 0.18636, 4, 2.34999, -6.71, 0.81363, 1, 4, 10.95, -0.45, 1, 2, 3, 15.21, 2.22, 0.03901, 4, 3.07, 0.76, 0.96097, 2, 3, 6.82, 2.11999, 0.97057, 4, -4.26, 4.81, 0.02942 ],
				"hull": 11,
				"edges": [ 0, 2, 2, 4, 4, 6, 6, 8, 8, 10, 10, 12, 12, 14, 14, 16, 16, 18, 18, 20, 0, 20 ],
				"width": 33,
				"height": 19
			}
		},
		"res/youjiao": {
			"res/youjiao": { "x": 8.36, "y": 0.79, "rotation": 140.42, "width": 19, "height": 17 }
		},
		"res/youshou": {
			"res/youshou": { "x": 3.32, "y": 0.55, "rotation": 58.57, "width": 16, "height": 20 }
		},
		"res/zuoer": {
			"res/zuoer": {
				"type": "mesh",
				"uvs": [ 0, 0.27019, 0.47971, 0, 1, 0, 1, 0.32672, 0.80872, 0.73989, 0.64237, 1, 0.27639, 1, 0.12997, 0.81152, 0, 0.64421, 0.33554, 0.64856, 0.57213, 0.42241, 0.82351, 0.1745 ],
				"triangles": [ 3, 10, 11, 3, 4, 10, 10, 1, 11, 11, 2, 3, 11, 1, 2, 4, 5, 9, 5, 6, 9, 6, 7, 9, 7, 8, 9, 9, 10, 4, 10, 9, 0, 9, 8, 0, 0, 1, 10 ],
				"vertices": [ 2, 5, 2.51, 9.06, 0.99642, 6, -7.85, 7.92, 0.00357, 2, 5, 12.61, 5.72, 0.24606, 6, 2.64, 6.19, 0.75393, 1, 6, 11.17, 0.23, 1, 2, 5, 16.26, -5.48, 0.00412, 6, 7.99, -4.31, 0.99587, 2, 5, 8.64, -7.9, 0.55964, 6, 0.83, -7.88, 0.44035, 2, 5, 3.17, -8.78, 0.90584, 6, -4.42, -9.6, 0.09415, 1, 5, -2.08999, -3.71, 1, 1, 5, -1.98, 0.62, 1, 1, 5, -1.89, 4.48, 1, 1, 5, 2.89, -0.22, 1, 2, 5, 8.97, -0.73, 0.37366, 6, 0.04, -0.75, 0.62633, 1, 6, 6.58, -0.17, 1 ],
				"hull": 9,
				"edges": [ 0, 2, 2, 4, 4, 6, 6, 8, 8, 10, 10, 12, 0, 16, 12, 14, 14, 16 ],
				"width": 20,
				"height": 17
			}
		},
		"res/zuojiao": {
			"res/zuojiao": { "x": 5.28, "y": 1.14, "rotation": 98.74, "width": 13, "height": 13 }
		},
		"res/zuoshou": {
			"res/zuoshou": { "x": 4.01, "y": 0.08, "rotation": 93.69, "width": 13, "height": 16 }
		}
	}
},
"animations": {
	"spz_run": {
		"bones": {
			"bone": {
				"rotate": [
					{
						"time": 0,
						"angle": 0,
						"curve": [ 0.25, 0, 0.75, 1 ]
					},
					{
						"time": 1,
						"angle": 1.2,
						"curve": [ 0.25, 0, 0.75, 1 ]
					},
					{ "time": 2, "angle": 0 }
				],
				"translate": [
					{
						"time": 0,
						"x": 0,
						"y": 0,
						"curve": [ 0.25, 0, 0.75, 1 ]
					},
					{
						"time": 1,
						"x": 0,
						"y": -9.7,
						"curve": [ 0.25, 0, 0.75, 1 ]
					},
					{ "time": 2, "x": 0, "y": 0 }
				],
				"scale": [
					{
						"time": 0,
						"x": 1,
						"y": 1,
						"curve": [ 0.25, 0, 0.75, 1 ]
					},
					{
						"time": 1,
						"x": 0.98,
						"y": 1.02,
						"curve": [ 0.25, 0, 0.75, 1 ]
					},
					{ "time": 2, "x": 1, "y": 1 }
				]
			},
			"bone2": {
				"rotate": [
					{
						"time": 0,
						"angle": 0,
						"curve": [ 0.25, 0, 0.75, 1 ]
					},
					{
						"time": 1,
						"angle": 2.39,
						"curve": [ 0.25, 0, 0.75, 1 ]
					},
					{ "time": 2, "angle": 0 }
				],
				"translate": [
					{
						"time": 0,
						"x": 0,
						"y": 0,
						"curve": [ 0.25, 0, 0.75, 1 ]
					},
					{
						"time": 1,
						"x": 1.84,
						"y": -0.33,
						"curve": [ 0.25, 0, 0.75, 1 ]
					},
					{ "time": 2, "x": 0, "y": 0 }
				]
			},
			"bone9": {
				"rotate": [
					{
						"time": 0,
						"angle": 0,
						"curve": [ 0.25, 0, 0.75, 1 ]
					},
					{
						"time": 1,
						"angle": -6.6,
						"curve": [ 0.25, 0, 0.75, 1 ]
					},
					{ "time": 2, "angle": 0 }
				],
				"translate": [
					{
						"time": 0,
						"x": 0,
						"y": 0,
						"curve": [ 0.25, 0, 0.75, 1 ]
					},
					{
						"time": 1,
						"x": 3.73,
						"y": -5.54,
						"curve": [ 0.25, 0, 0.75, 1 ]
					},
					{ "time": 2, "x": 0, "y": 0 }
				]
			},
			"bone10": {
				"rotate": [
					{
						"time": 0,
						"angle": 0,
						"curve": [ 0.25, 0, 0.75, 1 ]
					},
					{
						"time": 1,
						"angle": 352.2,
						"curve": [ 0.25, 0, 0.75, 1 ]
					},
					{ "time": 2, "angle": 0 }
				],
				"translate": [
					{
						"time": 0,
						"x": 0,
						"y": 0,
						"curve": [ 0.25, 0, 0.75, 1 ]
					},
					{
						"time": 1,
						"x": 5.21,
						"y": -6.74,
						"curve": [ 0.25, 0, 0.75, 1 ]
					},
					{ "time": 2, "x": 0, "y": 0 }
				]
			},
			"bone7": {
				"rotate": [
					{
						"time": 0,
						"angle": 0,
						"curve": [ 0.25, 0, 0.75, 1 ]
					},
					{
						"time": 1,
						"angle": 379.79,
						"curve": [ 0.25, 0, 0.75, 1 ]
					},
					{ "time": 2, "angle": 0 }
				],
				"translate": [
					{
						"time": 0,
						"x": 0,
						"y": 0,
						"curve": [ 0.25, 0, 0.75, 1 ]
					},
					{
						"time": 1,
						"x": -3.56,
						"y": 4.12,
						"curve": [ 0.25, 0, 0.75, 1 ]
					},
					{ "time": 2, "x": 0, "y": 0 }
				]
			},
			"bone8": {
				"rotate": [
					{
						"time": 0,
						"angle": 0,
						"curve": [ 0.25, 0, 0.75, 1 ]
					},
					{
						"time": 1,
						"angle": 340.8,
						"curve": [ 0.25, 0, 0.75, 1 ]
					},
					{ "time": 2, "angle": 0 }
				],
				"translate": [
					{
						"time": 0,
						"x": 0,
						"y": 0,
						"curve": [ 0.25, 0, 0.75, 1 ]
					},
					{
						"time": 1,
						"x": -0.71,
						"y": 0.8,
						"curve": [ 0.25, 0, 0.75, 1 ]
					},
					{ "time": 2, "x": 0, "y": 0 }
				]
			},
			"bone3": {
				"rotate": [
					{
						"time": 0,
						"angle": 0,
						"curve": [ 0.25, 0, 0.75, 1 ]
					},
					{
						"time": 0.6666,
						"angle": -14.4,
						"curve": [ 0.25, 0, 0.75, 1 ]
					},
					{ "time": 2, "angle": 0 }
				]
			},
			"bone4": {
				"rotate": [
					{
						"time": 0,
						"angle": 0,
						"curve": [ 0.25, 0, 0.75, 1 ]
					},
					{
						"time": 1.3333,
						"angle": 13.79,
						"curve": [ 0.25, 0, 0.75, 1 ]
					},
					{ "time": 2, "angle": 0 }
				]
			},
			"bone5": {
				"rotate": [
					{
						"time": 0,
						"angle": 0,
						"curve": [ 0.25, 0, 0.75, 1 ]
					},
					{
						"time": 0.6666,
						"angle": 10.79,
						"curve": [ 0.25, 0, 0.75, 1 ]
					},
					{ "time": 2, "angle": 0 }
				]
			},
			"bone6": {
				"rotate": [
					{
						"time": 0,
						"angle": 0,
						"curve": [ 0.25, 0, 0.75, 1 ]
					},
					{
						"time": 1.3333,
						"angle": -19.8,
						"curve": [ 0.25, 0, 0.75, 1 ]
					},
					{ "time": 2, "angle": 0 }
				]
			}
		},
		"deform": {
			"default": {
				"res/shen": {
					"res/shen": [
						{
							"time": 0,
							"curve": [ 0.25, 0, 0.75, 1 ]
						},
						{
							"time": 1,
							"vertices": [ -0.5275, 2.95232, 1.462, 2.64574, 3.39319, -0.24485, 2.52873, -2.18762, 3.83239, -0.73536, 2.56399, -2.83379, 0.64281, -0.81102, -0.0077, -1.01942, -1.03803, 2.53038, -4.16776, 3.33183, -1.17645, 5.08505, -2.10086, 1.65192, -0.61062, 2.54139, -0.81474, -0.03707, -0.66821, 0.44938, -0.08943, 1.28148, 0.745, 1.0664, 1.93882, -1.18846, -0.73015, 2.78489, 1.19505, 2.63229, -1.80459, 3.59093, 0.85812, 3.90141, 0.77422, 5.44047, -5.57929, 6.23116, -0.44758, 8.20832, -4.3588, 4.86809, -0.34967, 6.41275, -4.53314, 5.06281, -0.36366, 6.66926, -2.31764, 3.22711, -3.97288, 0.10462, -3.07663, 2.41726, -3.97288, 0.10462, -3.07663, 2.41726, -0.47528, 6.04496, 3.47197, 5.06184, -4.74471, 9.63157, 2.37725, 10.40823, -1.40372, 6.29408, 2.89601, 5.80449 ],
							"curve": [ 0.25, 0, 0.75, 1 ]
						},
						{ "time": 2 }
					]
				},
				"res/youer": {
					"res/youer": [
						{
							"time": 0,
							"curve": [ 0.25, 0, 0.75, 1 ]
						},
						{
							"time": 1,
							"vertices": [ 0.42731, -1.40857, -1.19849, -2.77633, -2.44657, -2.22152, 0.35508, 0.57145, 0.66044, 0.20144, 1.00963, 1.09593, 1.51228, 0.17681, 2.9606, 1.83326, 3.48136, -0.51463, 4.15734, 3.4365, 1.51269, 2.98541, 2.3657, 1.1333, 1.56495, 0.06447, 1.21588, -0.94891, 1.04463, 0.00788, 0.78738, -0.6597, 0.8241, -1.1564, 2.68335, 2.56332, 3.77796, 0.2084, 4.48564, 2.84226, 5.31936, -0.73136 ],
							"curve": [ 0.25, 0, 0.75, 1 ]
						},
						{ "time": 2 }
					]
				},
				"res/zuoer": {
					"res/zuoer": [
						{
							"time": 0,
							"curve": [ 0.25, 0, 0.75, 1 ]
						},
						{
							"time": 1,
							"vertices": [ 0.99322, 3.0342, -0.50273, 3.1438, 2.5556, 1.86435, 1.43663, 2.75666, -1.75777, 2.53444, -2.06898, 0.83589, -2.24079, -0.12749, -2.65743, -1.31234, -1.78189, -2.30467, -2.55149, -1.46835, -1.61514, -2.39972, -0.99939, 1.47171, -1.45562, 2.14351, 0.98302, 1.76823, -1.38895, 4.16601, -1.02891, 3.45289, -2.50985, 2.66175, -1.36944, 3.16316 ],
							"curve": [ 0.25, 0, 0.75, 1 ]
						},
						{ "time": 2 }
					]
				}
			}
		}
	}
}
}