{
"skeleton": { "hash": "2OoQnQrKWXP8jWRsNpZYX2dfp5g", "spine": "3.4.02", "width": 0, "height": 0, "images": "" },
"bones": [
	{ "name": "root" },
	{ "name": "bone", "parent": "root", "y": 2.41 },
	{ "name": "bone2", "parent": "bone", "x": -66.84, "y": -30.88 },
	{ "name": "bone3", "parent": "bone", "x": 6.41, "y": -34.13 },
	{ "name": "bone4", "parent": "root", "x": -68.5, "y": -39.7 },
	{ "name": "bone5", "parent": "root", "x": 7.88, "y": -40.36 },
	{ "name": "bone6", "parent": "root", "x": 48.05, "y": -36.45 },
	{ "name": "bone7", "parent": "root", "x": -28.11, "y": -36.85 },
	{ "name": "bone8", "parent": "bone", "x": -34.38, "y": 20.58 },
	{ "name": "bone9", "parent": "bone", "x": 2.59, "y": 13.16 },
	{ "name": "bone10", "parent": "bone", "x": -50.51, "y": 2.64 },
	{ "name": "bone11", "parent": "bone", "length": 69.34, "rotation": 109.91, "x": -25.88, "y": 29.76 },
	{ "name": "bone12", "parent": "bone11", "length": 41.61, "rotation": 127.65, "x": 0.75, "y": 0.35 },
	{ "name": "bone13", "parent": "bone12", "length": 33.36, "rotation": -11.13, "x": 41.61, "y": 0.06 },
	{ "name": "bone14", "parent": "bone11", "length": 38.56, "rotation": -139.1, "x": 0.19, "y": 0.55 },
	{ "name": "bone15", "parent": "bone14", "length": 33.44, "rotation": -52.69, "x": 38.56, "y": 0.05 },
	{ "name": "bone16", "parent": "bone11", "length": 45.43, "rotation": -27.46, "x": 57.36, "y": 2.74 },
	{ "name": "bone17", "parent": "bone11", "length": 32.43, "rotation": 130.6, "x": 59.01, "y": 19.15 },
	{ "name": "bone18", "parent": "bone17", "length": 36.72, "rotation": 105.94, "x": 32.43, "y": -0.09 },
	{ "name": "bone19", "parent": "bone18", "length": 20.54, "rotation": -20.3, "x": 36.72, "y": 0.08 },
	{ "name": "bone20", "parent": "bone11", "length": 32.69, "rotation": -120.56, "x": 53.66, "y": -11.93 },
	{ "name": "bone21", "parent": "bone20", "length": 30.23, "rotation": 36.5, "x": 32.69, "y": -0.14 },
	{ "name": "bone22", "parent": "bone21", "length": 32.71, "rotation": 0.45, "x": 30.23, "y": 0.1 },
	{ "name": "bone23", "parent": "root", "x": -31.96, "y": 23.82 }
],
"slots": [
	{ "name": "res/bei", "bone": "bone2", "attachment": "res/bei" },
	{ "name": "res/bei2", "bone": "bone3", "attachment": "res/bei" },
	{ "name": "res/hou", "bone": "bone10", "attachment": "res/hou" },
	{ "name": "res/lun", "bone": "bone4", "attachment": "res/lun" },
	{ "name": "res/lun2", "bone": "bone5", "attachment": "res/lun" },
	{ "name": "res/lun3", "bone": "bone6", "attachment": "res/lun" },
	{ "name": "res/lun4", "bone": "bone7", "attachment": "res/lun" },
	{ "name": "res/zuoshou", "bone": "root" },
	{ "name": "res/shen", "bone": "root" },
	{ "name": "res/tou", "bone": "bone16" },
	{ "name": "res/guai1", "bone": "bone8", "attachment": "res/guai1" },
	{ "name": "res/youshou", "bone": "root" },
	{ "name": "res/chuang1", "bone": "bone9", "attachment": "res/chuang1" },
	{ "name": "res/gai", "bone": "bone", "attachment": "res/gai" },
	{ "name": "res/pa", "bone": "bone23" }
],
"skins": {
	"default": {
		"res/bei": {
			"res/bei": { "rotation": -6.19, "width": 45, "height": 37 }
		},
		"res/bei2": {
			"res/bei": { "width": 45, "height": 37 }
		},
		"res/chuang1": {
			"res/chuang1": { "width": 73, "height": 32 },
			"res/chuang2": { "width": 73, "height": 32 }
		},
		"res/gai": {
			"res/gai": { "width": 188, "height": 107 }
		},
		"res/guai1": {
			"res/guai1": { "width": 77, "height": 67 },
			"res/guai2": { "width": 77, "height": 67 }
		},
		"res/hou": {
			"res/hou": { "width": 31, "height": 24 }
		},
		"res/lun": {
			"res/lun": { "x": 0.18, "y": -0.18, "width": 37, "height": 32 }
		},
		"res/lun2": {
			"res/lun": { "x": 0.18, "y": -0.18, "width": 37, "height": 32 }
		},
		"res/lun3": {
			"res/lun": { "x": 0.18, "y": -0.18, "width": 37, "height": 32 }
		},
		"res/lun4": {
			"res/lun": { "x": 0.18, "y": -0.18, "width": 37, "height": 32 }
		},
		"res/pa": {
			"res/pa": { "width": 64, "height": 27 }
		},
		"res/shen": {
			"res/shen": {
				"type": "mesh",
				"uvs": [ 0, 0.11232, 0.20129, 0, 0.58993, 0, 0.78906, 0.15282, 0.68949, 0.46817, 0.9336, 0.61283, 0.93681, 0.82692, 1, 0.88478, 1, 1, 0.67665, 0.94554, 0.70555, 0.73145, 0.54496, 0.75748, 0.32655, 0.88189, 0.33298, 1, 0.07282, 1, 0.10494, 0.84717, 0.26553, 0.68226, 0.33298, 0.54629, 0.11778, 0.4132, 0, 0.35534, 0.36188, 0.121, 0.49036, 0.36402, 0.5835, 0.63019, 0.78318, 0.6461, 0.83036, 0.84292, 0.31637, 0.76911, 0.21705, 0.90107, 0.52246, 0.52532 ],
				"triangles": [ 23, 5, 6, 24, 10, 23, 6, 24, 23, 9, 10, 24, 24, 6, 7, 8, 24, 7, 9, 24, 8, 22, 27, 4, 23, 4, 5, 22, 4, 23, 10, 22, 23, 15, 16, 25, 12, 25, 11, 26, 15, 25, 12, 26, 25, 14, 15, 26, 26, 12, 13, 14, 26, 13, 22, 17, 27, 11, 22, 10, 11, 17, 22, 25, 16, 17, 11, 25, 17, 20, 1, 2, 0, 18, 19, 20, 0, 1, 21, 20, 2, 21, 2, 3, 20, 18, 0, 21, 18, 20, 4, 21, 3, 27, 21, 4, 17, 18, 21, 17, 21, 27 ],
				"vertices": [ 2, 11, 70.75, 40.46, 0.99636, 12, -10.98, -79.93, 0.00363, 1, 11, 76.49, 13.11, 1, 2, 11, 60.87, -29.99, 0.99808, 14, -25.85, 62.83, 0.00191, 2, 11, 34.04, -45.26, 0.95336, 14, 4.42, 56.8, 0.04663, 2, 11, -0.78, -20.14, 0.29638, 14, 14.3, 15, 0.70361, 2, 14, 48.69, 12.49, 0.38185, 15, -3.76, 15.59, 0.61814, 1, 15, 24.05, 12.01, 1, 2, 14, 72.9, -14.79, 1.0E-5, 15, 32.61, 18.32, 0.99998, 2, 14, 80.26, -27.97, 1.0E-5, 15, 47.55, 16.18, 0.99998, 2, 13, -12.12, 44.43, 0, 15, 35.09999, -20.57, 0.99999, 4, 12, 12.79, 33.83, 0.07767, 13, -34.79, 27.57, 0, 14, 32.77, -14.19, 0.38274, 15, 7.82, -13.23, 0.53956, 4, 12, 25.83, 19.67, 0.73522, 13, -19.26, 16.19, 0.00417, 14, 17.87999, -26.41, 0.24911, 15, 8.52, -32.48, 0.01148, 2, 12, 53.41, 6.66, 0.06293, 13, 10.3, 8.75, 0.93706, 1, 13, 20.99, 19.95999, 1, 1, 13, 42.15, -2.28, 1, 1, 13, 25.03, -13.33, 1, 3, 11, -10.10999, 36.43999, 0.00424, 12, 35.21, -13.43, 0.75229, 13, -3.68, -14.48, 0.24346, 2, 11, 3.92, 22.88, 0.34666, 12, 15.9, -16.27, 0.65333, 2, 11, 28.96, 40.82, 0.91063, 12, 14.81, -47.05, 0.08936, 2, 11, 40.82, 51.3, 0.95841, 12, 15.87, -62.85, 0.04158, 1, 11, 55.14, 0.7, 1, 1, 11, 20.04, -2.7, 1, 3, 12, 9.32, 14.56, 0.54597, 14, 13.73, -9.63, 0.44598, 15, -7.34, -25.62, 0.00803, 2, 14, 35.32, 0.03, 0.5, 15, -1.95, -2.58999, 0.5, 1, 15, 24.36, -0.72, 1, 2, 12, 41.59, -2.26, 0.5, 13, 0.42, -2.29, 0.5, 1, 13, 21.03, 1.12, 1, 3, 11, -1.11, 0.93, 0.33333, 12, 1.59, 1.12, 0.33333, 14, 0.74, -1.14, 0.33333 ],
				"hull": 20,
				"edges": [ 0, 2, 2, 4, 4, 6, 6, 8, 8, 10, 10, 12, 12, 14, 14, 16, 16, 18, 18, 20, 20, 22, 22, 24, 24, 26, 26, 28, 28, 30, 30, 32, 32, 34, 34, 36, 36, 38, 0, 38 ],
				"width": 118,
				"height": 131
			}
		},
		"res/tou": {
			"res/tou": { "x": 17.6, "y": -2.7, "rotation": -82.45, "width": 72, "height": 67 }
		},
		"res/youshou": {
			"res/youshou": {
				"type": "mesh",
				"uvs": [ 0.18937, 0, 0, 0.26835, 0, 0.61704, 0.23604, 0.85241, 0.5878, 0.86548, 0.58062, 1, 0.82471, 1, 0.99999, 0.89163, 0.99999, 0.59961, 0.69908, 0.5473, 0.52319, 0.41219, 0.52678, 0.09837, 0.36167, 0, 0.28988, 0.2422, 0.23245, 0.53859, 0.53396, 0.65627, 0.79599, 0.76959 ],
				"triangles": [ 16, 9, 8, 15, 9, 16, 4, 15, 16, 16, 8, 7, 6, 16, 7, 4, 16, 6, 5, 4, 6, 15, 10, 9, 14, 10, 15, 3, 14, 15, 2, 14, 3, 3, 15, 4, 13, 0, 12, 13, 12, 11, 1, 0, 13, 10, 13, 11, 14, 1, 13, 14, 13, 10, 2, 1, 14 ],
				"vertices": [ 1, 17, -0.22, -19.77, 1, 1, 17, 24.05, -24.53, 1, 2, 17, 45.29, -12.51, 0.66468, 18, -15.46, -8.95, 0.33531, 1, 18, 7.89, -20.27, 1, 2, 18, 37.16999, -14.15, 0.32169, 19, 5.36, -13.19, 0.6783, 2, 18, 38.78, -23.45, 0.0651, 19, 10.1, -21.35, 0.93489, 1, 19, 27.33, -9.8, 1, 1, 19, 35.48, 4.79, 1, 1, 19, 24.1, 21.77, 1, 2, 18, 41.15, 9.71, 0.29618, 19, 0.81, 10.56, 0.70381, 3, 17, 10.91, 19.12999, 0.3129, 18, 24.4, 15.4, 0.68394, 19, -16.86, 10.09, 0.00314, 2, 17, -8.35, 8.58, 0.99067, 18, 19.54999, 36.83, 0.00932, 1, 17, -7.43, -7.02, 1, 1, 17, 10.32, -3.98, 1, 2, 17, 30.78, 1.98, 0.26292, 18, 2.45, 1.01, 0.73707, 1, 18, 29.29, -0.99, 1, 1, 19, 16.32, 2.23, 1 ],
				"hull": 13,
				"edges": [ 0, 2, 2, 4, 4, 6, 6, 8, 8, 10, 10, 12, 12, 14, 14, 16, 16, 18, 18, 20, 20, 22, 22, 24, 0, 24 ],
				"width": 85,
				"height": 70
			}
		},
		"res/zuoshou": {
			"res/zuoshou": {
				"type": "mesh",
				"uvs": [ 0, 0.38488, 0, 0.81069, 0.14497, 1, 0.42492, 1, 0.67087, 0.65678, 0.87233, 0.52853, 0.98484, 0.1848, 0.92728, 0, 0.73104, 0, 0.61592, 0.03089, 0.52435, 0.23097, 0.36213, 0.2874, 0.1659, 0.2361, 0.14497, 0.60548, 0.34381, 0.63113, 0.60807, 0.42592, 0.79122, 0.2361 ],
				"triangles": [ 16, 8, 7, 16, 7, 6, 9, 8, 16, 10, 9, 16, 15, 10, 16, 5, 16, 6, 15, 16, 5, 4, 15, 5, 11, 10, 15, 14, 11, 15, 4, 3, 14, 4, 14, 15, 13, 0, 12, 13, 12, 11, 14, 13, 11, 1, 0, 13, 2, 13, 14, 1, 13, 2, 2, 14, 3 ],
				"vertices": [ 2, 20, -4.78, 7.66, 0.99996, 21, -25.48, 28.56, 3.0E-5, 3, 20, -0.78, -13.67, 0.99998, 21, -34.95, 9.02, 1.0E-5, 22, -65.11, 9.43999, 0, 3, 20, 15.24, -20.49, 0.99848, 21, -26.11, -5.98, 0.00151, 22, -56.39, -5.63, 0, 3, 20, 42.76, -15.33, 0.31243, 21, -0.92, -18.19, 0.68753, 22, -31.3, -18.04, 3.0E-5, 2, 21, 28.84, -13.16, 0.59773, 22, -1.49, -13.25, 0.40226, 1, 22, 19.45, -16.32, 1, 1, 22, 37.31, -5.59, 1, 1, 22, 36.33, 5.4, 1, 2, 21, 48.86, 14.35, 0.00805, 22, 18.74, 14.1, 0.99194, 2, 21, 37.81, 17.95, 0.13529, 22, 7.72, 17.79, 0.8647, 3, 20, 45.3, 25.05, 0.00392, 21, 25.12, 12.76, 0.72351, 22, -5, 12.7, 0.27254, 2, 20, 29.89, 19.23, 0.37948, 21, 9.27, 17.24, 0.62051, 2, 20, 10.12, 18.18, 0.98818, 21, -7.24, 28.15, 0.01181, 1, 20, 11.53, -0.71, 1, 2, 20, 31.32, 1.66, 0.63252, 21, -0.02, 2.27, 0.36746, 2, 21, 28.32, 0.16, 0.68449, 22, -1.9, 0.08, 0.3155, 1, 22, 18.79, 0.64, 1 ],
				"hull": 13,
				"edges": [ 0, 2, 2, 4, 4, 6, 6, 8, 8, 10, 10, 12, 12, 14, 14, 16, 16, 18, 18, 20, 20, 22, 22, 24, 0, 24 ],
				"width": 100,
				"height": 51
			}
		}
	}
},
"animations": {
	"gbl_run": {
		"slots": {
			"res/guai1": {
				"attachment": [
					{ "time": 0, "name": "res/guai1" },
					{ "time": 0.1333, "name": "res/guai1" }
				]
			},
			"res/pa": {
				"attachment": [
					{ "time": 0, "name": null },
					{ "time": 0.1333, "name": null }
				]
			},
			"res/shen": {
				"attachment": [
					{ "time": 0, "name": null },
					{ "time": 0.1333, "name": null }
				]
			},
			"res/tou": {
				"attachment": [
					{ "time": 0, "name": null },
					{ "time": 0.1333, "name": null }
				]
			},
			"res/youshou": {
				"attachment": [
					{ "time": 0, "name": null },
					{ "time": 0.1333, "name": null }
				]
			},
			"res/zuoshou": {
				"attachment": [
					{ "time": 0, "name": null },
					{ "time": 0.1333, "name": null }
				]
			}
		},
		"bones": {
			"bone": {
				"translate": [
					{ "time": 0, "x": 0, "y": 0 },
					{ "time": 0.0666, "x": 0, "y": -1.99 },
					{ "time": 0.1333, "x": 0, "y": 0 }
				]
			}
		}
	},
	"ljr_run": {
		"slots": {
			"res/chuang1": {
				"attachment": [
					{ "time": 0, "name": "res/chuang2" },
					{ "time": 0.8, "name": "res/chuang2" }
				]
			},
			"res/guai1": {
				"attachment": [
					{ "time": 0, "name": "res/guai2" },
					{ "time": 0.8, "name": "res/guai2" }
				]
			},
			"res/pa": {
				"color": [
					{ "time": 0, "color": "ffffff00", "curve": "stepped" },
					{ "time": 0.1666, "color": "ffffff00" },
					{ "time": 0.2, "color": "ffffffff", "curve": "stepped" },
					{ "time": 0.2333, "color": "ffffffff" },
					{ "time": 0.3333, "color": "ffffff00", "curve": "stepped" },
					{ "time": 0.8, "color": "ffffff00" }
				],
				"attachment": [
					{ "time": 0, "name": "res/pa" },
					{ "time": 0.4, "name": "res/pa" },
					{ "time": 0.8, "name": "res/pa" }
				]
			},
			"res/shen": {
				"attachment": [
					{ "time": 0, "name": "res/shen" },
					{ "time": 0.8, "name": "res/shen" }
				]
			},
			"res/tou": {
				"attachment": [
					{ "time": 0, "name": "res/tou" },
					{ "time": 0.8, "name": "res/tou" }
				]
			},
			"res/youshou": {
				"attachment": [
					{ "time": 0, "name": "res/youshou" },
					{ "time": 0.8, "name": "res/youshou" }
				]
			},
			"res/zuoshou": {
				"attachment": [
					{ "time": 0, "name": "res/zuoshou" },
					{ "time": 0.8, "name": "res/zuoshou" }
				]
			}
		},
		"bones": {
			"bone": {
				"translate": [
					{ "time": 0, "x": 0, "y": 0 },
					{ "time": 0.0666, "x": 0, "y": -1.99 },
					{ "time": 0.1333, "x": 0, "y": 0 },
					{ "time": 0.2, "x": 0, "y": -1.99 },
					{ "time": 0.2666, "x": 0, "y": 0 },
					{ "time": 0.3333, "x": 0, "y": -1.99 },
					{ "time": 0.4, "x": 0, "y": 0 },
					{ "time": 0.4666, "x": 0, "y": -1.99 },
					{ "time": 0.5333, "x": 0, "y": 0 },
					{ "time": 0.6, "x": 0, "y": -1.99 },
					{ "time": 0.6666, "x": 0, "y": 0 },
					{ "time": 0.7333, "x": 0, "y": -1.99 },
					{ "time": 0.8, "x": 0, "y": 0 }
				]
			},
			"bone8": {
				"translate": [
					{ "time": 0, "x": 0, "y": -3 },
					{ "time": 0.1666, "x": 0, "y": 0 },
					{ "time": 0.2, "x": 0, "y": -3, "curve": "stepped" },
					{ "time": 0.8, "x": 0, "y": -3 }
				],
				"scale": [
					{ "time": 0, "x": 1.05, "y": 0.95 },
					{ "time": 0.1666, "x": 1, "y": 1 },
					{ "time": 0.2, "x": 1.05, "y": 0.95, "curve": "stepped" },
					{ "time": 0.8, "x": 1.05, "y": 0.95 }
				]
			},
			"bone16": {
				"rotate": [
					{ "time": 0, "angle": 0 },
					{ "time": 0.2, "angle": -8.39 },
					{ "time": 0.4, "angle": 0, "curve": "stepped" },
					{ "time": 0.8, "angle": 0 }
				]
			},
			"bone11": {
				"rotate": [
					{ "time": 0, "angle": 0 },
					{ "time": 0.2, "angle": 4.19 },
					{ "time": 0.4, "angle": 0 },
					{ "time": 0.6, "angle": 0.59 },
					{ "time": 0.8, "angle": 0 }
				]
			},
			"bone12": {
				"rotate": [
					{ "time": 0, "angle": 0 },
					{ "time": 0.2, "angle": -4.19 },
					{ "time": 0.4, "angle": 0, "curve": "stepped" },
					{ "time": 0.8, "angle": 0 }
				]
			},
			"bone14": {
				"rotate": [
					{ "time": 0, "angle": 0 },
					{ "time": 0.1333, "angle": 376.2 },
					{ "time": 0.3, "angle": 0, "curve": "stepped" },
					{ "time": 0.8, "angle": 0 }
				]
			},
			"bone17": {
				"rotate": [
					{ "time": 0, "angle": 0 },
					{ "time": 0.1333, "angle": 23.39 },
					{ "time": 0.2, "angle": 0, "curve": "stepped" },
					{ "time": 0.8, "angle": 0 }
				],
				"translate": [
					{ "time": 0, "x": 0, "y": 0 },
					{ "time": 0.1333, "x": 2.84, "y": 4.04 },
					{ "time": 0.2, "x": 0, "y": 0, "curve": "stepped" },
					{ "time": 0.8, "x": 0, "y": 0 }
				]
			},
			"bone18": {
				"rotate": [
					{ "time": 0, "angle": 0 },
					{ "time": 0.1333, "angle": 13.8 },
					{ "time": 0.2, "angle": 0, "curve": "stepped" },
					{ "time": 0.8, "angle": 0 }
				]
			},
			"bone19": {
				"rotate": [
					{ "time": 0, "angle": 0 },
					{ "time": 0.1333, "angle": 38.39 },
					{ "time": 0.2, "angle": 0, "curve": "stepped" },
					{ "time": 0.8, "angle": 0 }
				]
			},
			"bone20": {
				"rotate": [
					{ "time": 0, "angle": 0 },
					{ "time": 0.2, "angle": 354 },
					{ "time": 0.4, "angle": 0, "curve": "stepped" },
					{ "time": 0.8, "angle": 0 }
				]
			},
			"bone21": {
				"rotate": [
					{ "time": 0, "angle": 0 },
					{ "time": 0.2, "angle": 3 },
					{ "time": 0.4, "angle": 0, "curve": "stepped" },
					{ "time": 0.8, "angle": 0 }
				]
			},
			"bone15": {
				"rotate": [
					{ "time": 0, "angle": 0 },
					{ "time": 0.2, "angle": 345.59 },
					{ "time": 0.4, "angle": 0, "curve": "stepped" },
					{ "time": 0.8, "angle": 0 }
				]
			}
		}
	}
}
}