{
"skeleton": { "hash": "XFce0gY5spqJ3RWqmAs+PdKhK0E", "spine": "2.1.27", "width": 204, "height": 213, "images": "" },
"bones": [
	{ "name": "root" },
	{ "name": "boom", "parent": "root" }
],
"slots": [
	{ "name": "res/boom_0001", "bone": "boom", "attachment": "res/boom07" }
],
"skins": {
	"default": {
		"res/boom_0001": {
			"res/boom01": { "width": 204, "height": 213 },
			"res/boom02": { "width": 204, "height": 213 },
			"res/boom03": { "width": 204, "height": 213 },
			"res/boom04": { "width": 204, "height": 213 },
			"res/boom05": { "width": 204, "height": 213 },
			"res/boom06": { "width": 204, "height": 213 },
			"res/boom07": { "width": 204, "height": 213 }
		}
	}
},
"animations": {
	"gbl_zd_boom": {
		"slots": {
			"res/boom_0001": {
				"attachment": [
					{ "time": 0, "name": "res/boom01" },
					{ "time": 0.0666, "name": "res/boom02" },
					{ "time": 0.1333, "name": "res/boom03" },
					{ "time": 0.2, "name": "res/boom04" },
					{ "time": 0.2666, "name": "res/boom05" },
					{ "time": 0.3333, "name": "res/boom06" },
					{ "time": 0.4, "name": "res/boom07" },
					{ "time": 0.4666, "name": null },
					{ "time": 0.5, "name": null }
				]
			}
		}
	}
}
}