{
"skeleton": { "hash": "6kkBJJ+U/bCLJlsdOrvcieIJk9Y", "spine": "3.4.02", "width": 0, "height": 0, "images": "" },
"bones": [
	{ "name": "root" },
	{ "name": "bone", "parent": "root", "length": 113.21, "rotation": 50.15, "x": -22.98, "y": -22.99 },
	{ "name": "bone2", "parent": "bone", "length": 35.63, "rotation": -178.19, "x": -1.22, "y": -0.26 },
	{ "name": "bone3", "parent": "bone", "length": 30.89, "rotation": -17.07, "x": -1.36, "y": -21.37 },
	{ "name": "bone4", "parent": "bone3", "length": 18.27, "rotation": 156.58, "x": 0.64, "y": 0.13 },
	{ "name": "bone5", "parent": "bone3", "length": 55.9, "rotation": 11.56, "x": 28.96, "y": 5.68 },
	{ "name": "bone6", "parent": "bone3", "length": 29.56, "rotation": -30.89, "x": 21.32, "y": 8.8 },
	{ "name": "bone7", "parent": "bone3", "length": 21.96, "rotation": -36.21, "x": 25.28, "y": -7.08 },
	{ "name": "bone8", "parent": "bone", "length": 61.17, "rotation": 259.04, "x": 25.58, "y": 61.25 },
	{ "name": "bone9", "parent": "bone8", "length": 90.46, "rotation": 92.7, "x": -0.22, "y": -0.2 },
	{ "name": "bone10", "parent": "bone9", "length": 29.55, "rotation": -48.62, "x": 76.81, "y": -12.53 },
	{ "name": "bone11", "parent": "bone9", "length": 32.62, "rotation": -133.37, "x": 58.46, "y": -2.36 },
	{ "name": "bone12", "parent": "bone11", "length": 44.68, "rotation": 71.29, "x": 32.64, "y": 0.14 }
],
"slots": [
	{ "name": "res/huo", "bone": "bone2", "attachment": "res/huo" },
	{ "name": "res/huojian", "bone": "bone", "attachment": "res/huojian" },
	{ "name": "res/zuoshou", "bone": "bone7", "attachment": "res/zuoshou" },
	{ "name": "res/guaishen", "bone": "root", "attachment": "res/guaishen" },
	{ "name": "res/guaitou", "bone": "bone5", "attachment": "res/guaitou" },
	{ "name": "res/youshou", "bone": "bone6", "attachment": "res/youshou" },
	{ "name": "res/shen", "bone": "root" },
	{ "name": "res/tou", "bone": "bone10" },
	{ "name": "res/shou", "bone": "root" }
],
"skins": {
	"default": {
		"res/guaishen": {
			"res/guaishen": {
				"type": "mesh",
				"uvs": [ 0, 0.38074, 0, 0.67822, 0.10362, 0.84308, 0.14866, 1, 0.36133, 1, 0.67158, 0.99361, 1, 0.69972, 1, 0.24814, 0.90677, 0, 0.61654, 0, 0.36133, 0.07969, 0.2012, 0.44526, 0.86924, 0.28039, 0.72663, 0.51335, 0.46141, 0.69255, 0.24624, 0.73914 ],
				"triangles": [ 1, 0, 11, 15, 1, 11, 14, 15, 11, 2, 1, 15, 3, 2, 15, 4, 15, 14, 4, 14, 5, 3, 15, 4, 12, 9, 8, 12, 8, 7, 13, 9, 12, 10, 9, 13, 11, 10, 13, 14, 11, 13, 12, 7, 6, 13, 12, 6, 5, 14, 13, 5, 13, 6 ],
				"vertices": [ 1, 4, 22.41, -14.76, 1, 1, 4, 24.26, -3.91, 1, 1, 4, 19.87, 3.01, 1, 1, 4, 18.49, 9.13, 1, 2, 3, -10.5, -7.05, 0.09067, 4, 7.37, 11.03, 0.90932, 2, 3, 3.39, -15.82, 0.90267, 4, -8.87, 13.55, 0.09732, 1, 3, 23.91, -16.20999, 1, 1, 3, 33.03, -2.21, 1, 1, 3, 33.9, 8.17, 1, 2, 3, 21.02, 16.56, 0.97086, 4, -12.16, -23.17, 0.02913, 2, 3, 8.07, 21.48, 0.75559, 4, 1.66, -22.53, 0.2444, 2, 3, -6.41, 14.77, 0.10606, 4, 12.3, -10.62, 0.89393, 1, 3, 26.58, 0.56, 1, 1, 3, 15.54, -2.53, 1, 2, 3, 0.14, -0.41, 0.5, 4, 0.24, 0.7, 0.5, 1, 4, 11.77, 0.49, 1 ],
				"hull": 12,
				"edges": [ 0, 2, 2, 4, 4, 6, 6, 8, 8, 10, 10, 12, 12, 14, 14, 16, 16, 18, 18, 20, 20, 22, 0, 22 ],
				"width": 53,
				"height": 37
			}
		},
		"res/guaitou": {
			"res/guaitou": { "x": 22.55, "y": 0.44, "rotation": -44.64, "width": 72, "height": 69 }
		},
		"res/huo": {
			"res/huo": { "x": 11.25, "y": 1.14, "rotation": 128.04, "width": 43, "height": 42 }
		},
		"res/huojian": {
			"res/huojian": { "x": 30.17, "y": 0.26, "rotation": -50.15, "width": 122, "height": 133 }
		},
		"res/shen": {
			"res/shen": {
				"type": "mesh",
				"uvs": [ 0.4384, 0, 0.12704, 0.16947, 0.09279, 0.41695, 0, 0.53186, 0, 0.73515, 0.21733, 0.81027, 0.35122, 0.7926, 0.29828, 0.91855, 0.53492, 1, 0.77778, 1, 0.83072, 0.80806, 0.74976, 0.60477, 0.92412, 0.46336, 1, 0.31973, 1, 0.10539, 0.80269, 0, 0.61588, 0.18494, 0.46953, 0.35066, 0.40103, 0.52523, 0.52558, 0.69758, 0.5536, 0.85226, 0.18308, 0.53627, 0.60653, 0.57163 ],
				"triangles": [ 16, 0, 15, 16, 15, 14, 13, 16, 14, 17, 0, 16, 1, 0, 17, 2, 1, 17, 12, 16, 13, 22, 17, 16, 17, 21, 2, 18, 21, 17, 3, 2, 21, 12, 22, 16, 18, 17, 22, 11, 22, 12, 19, 18, 22, 4, 3, 21, 6, 21, 18, 6, 18, 19, 5, 4, 21, 6, 5, 21, 11, 20, 19, 11, 19, 22, 20, 11, 10, 6, 19, 20, 20, 7, 6, 8, 7, 20, 9, 20, 10, 8, 20, 9 ],
				"vertices": [ 1, 9, 75.08, 30.39, 1, 1, 9, 41.57, 38.75, 1, 1, 9, 15.68, 22, 1, 2, 8, -19.7, -1.66, 0.12247, 9, -0.54, 19.52, 0.87752, 2, 8, -3.09, -20.62999, 0.82138, 9, -20.27, 3.82, 0.17861, 1, 8, 17.43, -15.04, 1, 1, 8, 24.85, -5.63, 1, 1, 8, 31.63, -20.45, 1, 1, 8, 53.96, -14.33, 1, 1, 8, 70.04, -0.26, 1, 2, 8, 57.87, 20.70999, 0.97263, 9, 18.16, -59, 0.02736, 2, 8, 35.9, 34.99, 0.50313, 9, 33.45, -37.73, 0.49685, 2, 8, 35.9, 58.3, 0.07281, 9, 56.73, -38.82, 0.92718, 2, 8, 29.19, 76.1, 0.00754, 9, 74.82, -32.96, 0.99245, 1, 9, 95.62, -16.41, 1, 1, 9, 95.04, 5.3, 1, 1, 9, 66.85, 3.89, 1, 1, 9, 42.76, 1.16999, 1, 2, 8, 6.31, 22.2, 0.06408, 9, 22.06, -7.58, 0.93591, 2, 8, 28.64, 13.34, 0.78811, 9, 12.16, -29.46, 0.21188, 1, 8, 43.13, 0.52999, 1, 2, 8, -7.21, 8.53, 0.00697, 9, 9.05, 6.57, 0.99302, 2, 8, 23.71, 29.78, 0.40982, 9, 28.82, -25.31, 0.59017 ],
				"hull": 16,
				"edges": [ 0, 2, 2, 4, 4, 6, 6, 8, 8, 10, 10, 12, 12, 14, 14, 16, 16, 18, 18, 20, 20, 22, 22, 24, 24, 26, 26, 28, 28, 30, 0, 30 ],
				"width": 88,
				"height": 124
			}
		},
		"res/shou": {
			"res/shou": {
				"type": "mesh",
				"uvs": [ 0.10628, 0, 0, 0.27771, 0, 0.62254, 0.24074, 0.90839, 0.58566, 0.9583, 0.85458, 1, 1, 0.94696, 1, 0.58397, 0.76884, 0.4955, 0.68894, 0.56356, 0.60904, 0.30039, 0.40248, 0, 0.23489, 0.29132, 0.31869, 0.56356, 0.57007, 0.7269, 0.80197, 0.74959 ],
				"triangles": [ 14, 13, 9, 15, 8, 7, 9, 8, 15, 14, 9, 15, 3, 13, 14, 15, 7, 6, 4, 14, 15, 3, 14, 4, 5, 15, 6, 4, 15, 5, 12, 0, 11, 1, 0, 12, 12, 11, 10, 13, 12, 10, 9, 13, 10, 2, 1, 12, 2, 12, 13, 3, 2, 13 ],
				"vertices": [ 2, 11, -14.64, -12.21, 0.99999, 12, -26.84, 40.84999, 0, 2, 11, 2.59999, -23.04, 0.99999, 12, -31.58, 21.03, 0, 2, 11, 25.47, -26.3, 0.98803, 12, -27.35, -1.67, 0.01196, 2, 11, 47.08, -10.42, 0.34602, 12, -5.38, -17.06, 0.65397, 1, 12, 21.67, -15.41, 1, 1, 12, 42.81, -14.32, 1, 1, 12, 53.31, -8.75, 1, 2, 11, 33.93, 51.27, 1.0E-5, 12, 48.85, 15.15, 0.99998, 2, 11, 25.51, 34.25999, 0.00577, 12, 30.04, 17.68, 0.99422, 2, 11, 29.15, 27.45, 0.06454, 12, 24.75, 12.05, 0.93545, 2, 11, 10.81, 23.77, 0.73923, 12, 15.39, 28.25, 0.26076, 1, 11, -11.38, 10.66, 1, 1, 11, 6.09, -5.03, 1, 1, 11, 25.07, -1.14, 1, 1, 12, 17.64, -0.4, 1, 1, 12, 35.7, 1.42, 1 ],
				"hull": 12,
				"edges": [ 0, 2, 2, 4, 4, 6, 6, 8, 8, 10, 10, 12, 12, 14, 14, 16, 16, 18, 18, 20, 20, 22, 0, 22 ],
				"width": 78,
				"height": 67
			}
		},
		"res/tou": {
			"res/tou": { "x": 15.58, "y": 8.44, "rotation": -2.88, "width": 64, "height": 62 }
		},
		"res/youshou": {
			"res/youshou": { "x": 11.85, "y": -3.25, "rotation": -2.18, "width": 29, "height": 14 }
		},
		"res/zuoshou": {
			"res/zuoshou": { "x": 10.03, "y": -1.16, "rotation": 3.13, "width": 25, "height": 14 }
		}
	}
},
"animations": {
	"hjp_run": {
		"slots": {
			"res/guaishen": {
				"attachment": [
					{ "time": 0, "name": "res/guaishen" },
					{ "time": 1, "name": "res/guaishen" }
				]
			},
			"res/guaitou": {
				"attachment": [
					{ "time": 0, "name": "res/guaitou" },
					{ "time": 1, "name": "res/guaitou" }
				]
			},
			"res/shen": {
				"attachment": [
					{ "time": 0, "name": null },
					{ "time": 1, "name": null }
				]
			},
			"res/shou": {
				"attachment": [
					{ "time": 0, "name": null },
					{ "time": 1, "name": null }
				]
			},
			"res/tou": {
				"attachment": [
					{ "time": 0, "name": null },
					{ "time": 1, "name": null }
				]
			},
			"res/youshou": {
				"attachment": [
					{ "time": 0, "name": "res/youshou" },
					{ "time": 1, "name": "res/youshou" }
				]
			},
			"res/zuoshou": {
				"attachment": [
					{ "time": 0, "name": "res/zuoshou" },
					{ "time": 1, "name": "res/zuoshou" }
				]
			}
		},
		"bones": {
			"bone2": {
				"scale": [
					{
						"time": 0,
						"x": 1,
						"y": 1,
						"curve": [ 0.25, 0, 0.75, 1 ]
					},
					{
						"time": 0.1,
						"x": 0.6,
						"y": 0.6,
						"curve": [ 0.25, 0, 0.75, 1 ]
					},
					{
						"time": 0.2,
						"x": 1,
						"y": 1,
						"curve": [ 0.25, 0, 0.75, 1 ]
					},
					{
						"time": 0.3,
						"x": 0.6,
						"y": 0.6,
						"curve": [ 0.25, 0, 0.75, 1 ]
					},
					{
						"time": 0.4,
						"x": 1,
						"y": 1,
						"curve": [ 0.25, 0, 0.75, 1 ]
					},
					{
						"time": 0.5,
						"x": 0.6,
						"y": 0.6,
						"curve": [ 0.25, 0, 0.75, 1 ]
					},
					{
						"time": 0.6,
						"x": 1,
						"y": 1,
						"curve": [ 0.25, 0, 0.75, 1 ]
					},
					{
						"time": 0.7,
						"x": 0.6,
						"y": 0.6,
						"curve": [ 0.25, 0, 0.75, 1 ]
					},
					{
						"time": 0.8,
						"x": 1,
						"y": 1,
						"curve": [ 0.25, 0, 0.75, 1 ]
					},
					{
						"time": 0.9,
						"x": 0.6,
						"y": 0.6,
						"curve": [ 0.25, 0, 0.75, 1 ]
					},
					{ "time": 1, "x": 1, "y": 1 }
				]
			},
			"bone4": {
				"rotate": [
					{
						"time": 0,
						"angle": 0,
						"curve": [ 0.25, 0, 0.75, 1 ]
					},
					{
						"time": 0.5,
						"angle": -7.2,
						"curve": [ 0.25, 0, 0.75, 1 ]
					},
					{ "time": 1, "angle": 0 }
				]
			},
			"bone6": {
				"rotate": [
					{
						"time": 0,
						"angle": 0,
						"curve": [ 0.25, 0, 0.75, 1 ]
					},
					{
						"time": 0.5,
						"angle": 4.79,
						"curve": [ 0.25, 0, 0.75, 1 ]
					},
					{ "time": 1, "angle": 0 }
				]
			},
			"bone7": {
				"rotate": [
					{
						"time": 0,
						"angle": 0,
						"curve": [ 0.25, 0, 0.75, 1 ]
					},
					{
						"time": 0.5,
						"angle": 4.79,
						"curve": [ 0.25, 0, 0.75, 1 ]
					},
					{ "time": 1, "angle": 0 }
				]
			},
			"bone5": {
				"rotate": [
					{
						"time": 0,
						"angle": 0,
						"curve": [ 0.25, 0, 0.75, 1 ]
					},
					{
						"time": 0.5,
						"angle": 4.2,
						"curve": [ 0.25, 0, 0.75, 1 ]
					},
					{ "time": 1, "angle": 0 }
				]
			},
			"bone": {
				"translate": [
					{
						"time": 0,
						"x": 0,
						"y": 0,
						"curve": [ 0.25, 0, 0.75, 1 ]
					},
					{
						"time": 0.5,
						"x": 0,
						"y": -3.4,
						"curve": [ 0.25, 0, 0.75, 1 ]
					},
					{ "time": 1, "x": 0, "y": 0 }
				]
			},
			"bone3": {
				"rotate": [
					{
						"time": 0,
						"angle": 0,
						"curve": [ 0.25, 0, 0.75, 1 ]
					},
					{
						"time": 0.5,
						"angle": 1.2,
						"curve": [ 0.25, 0, 0.75, 1 ]
					},
					{ "time": 1, "angle": 0 }
				],
				"translate": [
					{
						"time": 0,
						"x": 0,
						"y": 0,
						"curve": [ 0.25, 0, 0.75, 1 ]
					},
					{
						"time": 0.5,
						"x": 0.67,
						"y": 0.56,
						"curve": [ 0.25, 0, 0.75, 1 ]
					},
					{ "time": 1, "x": 0, "y": 0 }
				]
			}
		}
	},
	"ljr_run": {
		"slots": {
			"res/guaishen": {
				"attachment": [
					{ "time": 0, "name": null },
					{ "time": 1, "name": null }
				]
			},
			"res/guaitou": {
				"attachment": [
					{ "time": 0, "name": null },
					{ "time": 1, "name": null }
				]
			},
			"res/shen": {
				"attachment": [
					{ "time": 0, "name": "res/shen" },
					{ "time": 1, "name": "res/shen" }
				]
			},
			"res/shou": {
				"attachment": [
					{ "time": 0, "name": "res/shou" },
					{ "time": 1, "name": "res/shou" }
				]
			},
			"res/tou": {
				"attachment": [
					{ "time": 0, "name": "res/tou" },
					{ "time": 1, "name": "res/tou" }
				]
			},
			"res/youshou": {
				"attachment": [
					{ "time": 0, "name": null },
					{ "time": 1, "name": null }
				]
			},
			"res/zuoshou": {
				"attachment": [
					{ "time": 0, "name": null },
					{ "time": 1, "name": null }
				]
			}
		},
		"bones": {
			"bone2": {
				"scale": [
					{
						"time": 0,
						"x": 1,
						"y": 1,
						"curve": [ 0.25, 0, 0.75, 1 ]
					},
					{
						"time": 0.1,
						"x": 0.6,
						"y": 0.6,
						"curve": [ 0.25, 0, 0.75, 1 ]
					},
					{
						"time": 0.2,
						"x": 1,
						"y": 1,
						"curve": [ 0.25, 0, 0.75, 1 ]
					},
					{
						"time": 0.3,
						"x": 0.6,
						"y": 0.6,
						"curve": [ 0.25, 0, 0.75, 1 ]
					},
					{
						"time": 0.4,
						"x": 1,
						"y": 1,
						"curve": [ 0.25, 0, 0.75, 1 ]
					},
					{
						"time": 0.5,
						"x": 0.6,
						"y": 0.6,
						"curve": [ 0.25, 0, 0.75, 1 ]
					},
					{
						"time": 0.6,
						"x": 1,
						"y": 1,
						"curve": [ 0.25, 0, 0.75, 1 ]
					},
					{
						"time": 0.7,
						"x": 0.6,
						"y": 0.6,
						"curve": [ 0.25, 0, 0.75, 1 ]
					},
					{
						"time": 0.8,
						"x": 1,
						"y": 1,
						"curve": [ 0.25, 0, 0.75, 1 ]
					},
					{
						"time": 0.9,
						"x": 0.6,
						"y": 0.6,
						"curve": [ 0.25, 0, 0.75, 1 ]
					},
					{ "time": 1, "x": 1, "y": 1 }
				]
			},
			"bone": {
				"translate": [
					{
						"time": 0,
						"x": 0,
						"y": 0,
						"curve": [ 0.25, 0, 0.75, 1 ]
					},
					{
						"time": 0.5,
						"x": 0,
						"y": -3.4,
						"curve": [ 0.25, 0, 0.75, 1 ]
					},
					{ "time": 1, "x": 0, "y": 0 }
				]
			},
			"bone10": {
				"rotate": [
					{ "time": 0, "angle": 0 },
					{ "time": 0.5, "angle": -2.99 },
					{ "time": 1, "angle": 0 }
				],
				"translate": [
					{ "time": 0, "x": 0, "y": 0 },
					{ "time": 0.5, "x": -0.26, "y": -0.32 },
					{ "time": 1, "x": 0, "y": 0 }
				]
			},
			"bone8": {
				"translate": [
					{ "time": 0, "x": 0, "y": 0 },
					{ "time": 0.5, "x": -0.81, "y": -1.12 },
					{ "time": 1, "x": 0, "y": 0 }
				]
			},
			"bone9": {
				"rotate": [
					{ "time": 0, "angle": 0 },
					{ "time": 0.5, "angle": -2.4 },
					{ "time": 1, "angle": 0 }
				]
			},
			"bone11": {
				"rotate": [
					{ "time": 0, "angle": 0 },
					{ "time": 0.5, "angle": -2.4 },
					{ "time": 1, "angle": 0 }
				],
				"translate": [
					{ "time": 0, "x": 0, "y": 0 },
					{ "time": 0.5, "x": -0.08, "y": 0.89 },
					{ "time": 1, "x": 0, "y": 0 }
				]
			},
			"bone12": {
				"rotate": [
					{ "time": 0, "angle": 0 },
					{ "time": 0.5, "angle": 3.59 },
					{ "time": 1, "angle": 0 }
				]
			}
		}
	}
}
}