{
"skeleton": { "hash": "UgUL46uu/7b0a1NqI5EZmLkHJdo", "spine": "3.6.52", "width": 109.2, "height": 126, "images": "./res/" },
"bones": [
	{ "name": "root", "scaleX": 0.6, "scaleY": 0.6 },
	{ "name": "bone", "parent": "root" }
],
"slots": [
	{ "name": "g03", "bone": "bone", "attachment": "g03" }
],
"skins": {
	"default": {
		"g03": {
			"18": { "width": 179, "height": 249 },
			"g03": { "width": 182, "height": 210 }
		}
	}
},
"animations": {
	"ljr_hj_run": {
		"slots": {
			"g03": {
				"attachment": [
					{ "time": 0, "name": "18" },
					{ "time": 0.9, "name": "18" }
				]
			}
		},
		"bones": {
			"bone": {
				"translate": [
					{ "time": 0, "x": 0, "y": -4 },
					{ "time": 0.4333, "x": 0, "y": 8 },
					{ "time": 0.9, "x": 0, "y": -4 }
				]
			}
		}
	},
	"xg_hj_run": {
		"slots": {
			"g03": {
				"attachment": [
					{ "time": 0, "name": "g03" },
					{ "time": 0.8333, "name": "g03" }
				]
			}
		},
		"bones": {
			"bone": {
				"translate": [
					{ "time": 0, "x": 0, "y": -4 },
					{ "time": 0.4333, "x": 0, "y": 8 },
					{ "time": 0.8333, "x": 0, "y": -4 }
				]
			}
		}
	}
}
}