{
"skeleton": { "hash": "A2cv06T9SL8ZCtovqdwiAwR+3WA", "spine": "2.1.27", "width": 139, "height": 120, "images": "" },
"bones": [
	{ "name": "root" },
	{ "name": "bone", "parent": "root" }
],
"slots": [
	{ "name": "res/bg_b", "bone": "bone", "attachment": "res/fxgbl_jb" }
],
"skins": {
	"default": {
		"res/bg_b": {
			"res/fxgbl_jb": { "width": 139, "height": 120 }
		}
	}
},
"animations": {
	"fxgbl_jb_run": {
		"bones": {
			"bone": {
				"translate": [
					{ "time": 0, "x": 0, "y": 0 },
					{ "time": 0.5, "x": 0, "y": -3.5 },
					{ "time": 1, "x": 0, "y": 0 }
				]
			}
		}
	}
}
}