{
"skeleton": { "hash": "JgbrSiz8WKrEcgqSnLMfgHsfVmY", "spine": "3.6.52", "width": 130.2, "height": 169.8, "images": "" },
"bones": [
	{ "name": "root", "scaleX": 0.6, "scaleY": 0.6 },
	{ "name": "zhap", "parent": "root" }
],
"slots": [
	{ "name": "res/blz", "bone": "zhap", "attachment": "res/21" }
],
"skins": {
	"default": {
		"res/blz": {
			"res/21": { "width": 217, "height": 283 },
			"res/g06": { "width": 174, "height": 213 }
		}
	}
},
"animations": {
	"gbl_ttj_zhuti": {
		"slots": {
			"res/blz": {
				"attachment": [
					{ "time": 0, "name": "res/g06" }
				]
			}
		}
	},
	"ljr_ttj_run": {
		"slots": {
			"res/blz": {
				"attachment": [
					{ "time": 0, "name": "res/21" }
				]
			}
		}
	}
}
}