{
"skeleton": { "hash": "oFE7rFKsYt6+QFa+jgJLZ/hbo8k", "spine": "3.6.52", "width": 0, "height": 0, "images": "" },
"bones": [
	{ "name": "root", "scaleX": 0.6, "scaleY": 0.6 },
	{ "name": "bone", "parent": "root" },
	{ "name": "bone2", "parent": "root", "x": -28.17, "y": 34.03 },
	{ "name": "bone3", "parent": "root", "x": 3.71, "y": 47.89 },
	{ "name": "bone4", "parent": "root", "x": 30.04, "y": 34.03 },
	{ "name": "bone5", "parent": "bone", "length": 12.8, "rotation": 107.86, "x": -26.09, "y": 55.01 },
	{ "name": "bone6", "parent": "bone5", "length": 11.73, "rotation": 0.99, "x": 12.8 },
	{ "name": "bone7", "parent": "bone6", "length": 10.35, "rotation": 6.71, "x": 11.73 },
	{ "name": "bone8", "parent": "bone", "length": 12.8, "rotation": 107.86, "x": -26.09, "y": 55.01 },
	{ "name": "bone9", "parent": "bone8", "length": 11.73, "rotation": 0.99, "x": 12.8 },
	{ "name": "bone10", "parent": "bone9", "length": 10.35, "rotation": 6.71, "x": 11.73 },
	{ "name": "bone11", "parent": "bone", "length": 12.8, "rotation": 107.86, "x": -26.09, "y": 55.01 },
	{ "name": "bone12", "parent": "bone11", "length": 11.73, "rotation": 0.99, "x": 12.8 },
	{ "name": "bone13", "parent": "bone12", "length": 10.35, "rotation": 6.71, "x": 11.73 }
],
"slots": [
	{ "name": "res/gu4", "bone": "root" },
	{ "name": "res/gu5", "bone": "root" },
	{ "name": "res/gu6", "bone": "root" },
	{ "name": "res/appear", "bone": "bone" },
	{ "name": "res/gu1", "bone": "bone2" },
	{ "name": "res/gu2", "bone": "bone3" },
	{ "name": "res/gu3", "bone": "bone4" }
],
"skins": {
	"default": {
		"res/appear": {
			"res/appear": { "width": 236, "height": 231 },
			"res/down1": { "width": 143, "height": 157 },
			"res/down2": { "width": 172, "height": 165 },
			"res/down3": { "width": 181, "height": 148 },
			"res/down4": { "width": 238, "height": 171 },
			"res/fly1": { "width": 235, "height": 174 },
			"res/fly2": { "width": 222, "height": 225 },
			"res/fly3": { "width": 238, "height": 253 },
			"res/hurt1": { "width": 211, "height": 203 },
			"res/hurt2": { "width": 229, "height": 169 },
			"res/impact": { "width": 175, "height": 205 },
			"res/loose1": { "width": 124, "height": 263 },
			"res/loose2": { "width": 235, "height": 129 },
			"res/shoot": { "width": 193, "height": 183 },
			"res/touch1": { "width": 266, "height": 143 },
			"res/touch2": { "width": 158, "height": 169 }
		},
		"res/gu1": {
			"res/gu1": { "scaleX": 0.441, "scaleY": 0.441, "width": 72, "height": 65 }
		},
		"res/gu2": {
			"res/gu1": { "scaleX": 0.762, "scaleY": 0.762, "width": 72, "height": 65 }
		},
		"res/gu3": {
			"res/gu1": { "scaleX": 0.659, "scaleY": 0.659, "width": 72, "height": 65 }
		},
		"res/gu4": {
			"res/gu2": {
				"type": "mesh",
				"uvs": [ 0.37621, 0.0803, 0.14526, 0.08925, 0, 0.21234, 0, 0.4764, 0.15063, 0.65767, 0.4326, 0.66662, 0.48598, 0.84571, 0.53196, 1, 0.67698, 1, 0.79233, 0.90736, 0.88379, 0.8339, 0.97506, 0.76061, 0.91511, 0.60858, 0.85153, 0.44731, 1, 0.37794, 1, 0.15639, 0.85958, 0, 0.52659, 0, 0.66892, 0.58606, 0.29028, 0.39808, 0.75754, 0.20786, 0.54808, 0.32423, 0.70383, 0.73599 ],
				"triangles": [ 5, 19, 21, 4, 3, 19, 3, 2, 19, 21, 20, 13, 2, 1, 19, 19, 0, 21, 19, 1, 0, 20, 15, 14, 0, 17, 21, 21, 17, 20, 20, 16, 15, 20, 17, 16, 4, 19, 5, 5, 21, 18, 18, 13, 12, 18, 21, 13, 13, 20, 14, 22, 9, 8, 22, 8, 6, 6, 8, 7, 9, 22, 10, 6, 5, 22, 11, 10, 12, 10, 22, 12, 5, 18, 22, 22, 18, 12 ],
				"vertices": [ 2, 5, 39.36, 2.37, 0, 7, 14.99, 0.16, 1, 3, 5, 41.79, 11.3, 0, 6, 29.18, 10.8, 0.03695, 7, 18.59, 8.68, 0.96305, 3, 5, 37.94, 18.64, 0, 6, 25.46, 18.2, 0.13143, 7, 15.77, 16.47, 0.86857, 2, 6, 13.47, 22.3, 0.41649, 7, 4.33, 21.94, 0.58351, 3, 5, 15.75, 19.46, 0.02802, 6, 3.29, 19.41, 0.62013, 7, -6.12, 20.26, 0.35185, 3, 5, 11.88, 8.86, 0.44005, 6, -0.76, 8.87, 0.49499, 7, -11.37, 10.27, 0.06495, 2, 5, 3.05, 9.46, 0.98967, 6, -9.59, 9.63, 0.01033, 1, 5, -4.57, 9.98, 1, 1, 5, -6.35, 4.46, 1, 1, 5, -3.53, -1.29, 1, 1, 5, -1.3, -5.86, 1, 2, 5, 0.93, -10.41, 0.99656, 6, -12.04, -10.2, 0.00344, 2, 5, 8.61, -10.37, 0.81258, 6, -4.36, -10.29, 0.18742, 3, 5, 16.76, -10.32, 0.16644, 6, 3.78, -10.39, 0.68822, 7, -9.1, -9.39, 0.14534, 3, 5, 18.11, -16.99, 0.01747, 6, 5.02, -17.08, 0.62356, 7, -8.66, -16.18, 0.35897, 2, 6, 15.08, -20.52, 0.39786, 7, 0.93, -20.77, 0.60214, 3, 5, 37.1, -17.21, 0, 6, 24, -17.63, 0.21338, 7, 10.13, -18.94, 0.78662, 3, 5, 41.18, -4.53, 0, 6, 28.3, -5.02, 0.01126, 7, 15.87, -6.93, 0.98874, 2, 5, 12.66, -1.32, 0.3695, 6, -0.16, -1.32, 0.6305, 3, 5, 25.9, 10.32, 0.00235, 6, 13.28, 10.1, 0.42039, 7, 2.72, 9.85, 0.57726, 2, 6, 15.88, -10.54, 0.30422, 7, 2.89, -10.95, 0.69578, 2, 6, 13.3, -0.81, 0.34811, 7, 1.46, -0.99, 0.65189, 1, 5, 5.39, -0.45, 1 ],
				"hull": 18,
				"edges": [ 0, 2, 2, 4, 4, 6, 6, 8, 8, 10, 14, 16, 26, 28, 28, 30, 30, 32, 32, 34, 0, 34, 10, 12, 12, 14, 22, 24, 24, 26, 20, 22, 16, 18, 18, 20 ],
				"width": 40,
				"height": 48
			}
		},
		"res/gu5": {
			"res/gu2": {
				"type": "mesh",
				"uvs": [ 0.37621, 0.0803, 0.14526, 0.08925, 0, 0.21234, 0, 0.4764, 0.15063, 0.65767, 0.4326, 0.66662, 0.48598, 0.84571, 0.53196, 1, 0.67698, 1, 0.79233, 0.90736, 0.88379, 0.8339, 0.97506, 0.76061, 0.91511, 0.60858, 0.85153, 0.44731, 1, 0.37794, 1, 0.15639, 0.85958, 0, 0.52659, 0, 0.66892, 0.58606, 0.29028, 0.39808, 0.75754, 0.20786, 0.54808, 0.32423, 0.70383, 0.73599 ],
				"triangles": [ 5, 19, 21, 4, 3, 19, 3, 2, 19, 21, 20, 13, 2, 1, 19, 19, 0, 21, 19, 1, 0, 20, 15, 14, 0, 17, 21, 21, 17, 20, 20, 16, 15, 20, 17, 16, 4, 19, 5, 5, 21, 18, 18, 21, 13, 13, 20, 14, 22, 9, 8, 22, 8, 6, 6, 8, 7, 9, 22, 10, 6, 5, 22, 11, 10, 12, 10, 22, 12, 5, 18, 22, 22, 18, 12, 18, 13, 12 ],
				"vertices": [ 2, 8, 39.36, 2.37, 0, 10, 14.99, 0.16, 1, 3, 8, 41.79, 11.3, 0, 9, 29.18, 10.8, 0.02258, 10, 18.59, 8.68, 0.97742, 3, 8, 37.94, 18.64, 0, 9, 25.46, 18.2, 0.10833, 10, 15.77, 16.47, 0.89167, 2, 9, 13.47, 22.3, 0.40019, 10, 4.33, 21.94, 0.59981, 3, 8, 15.75, 19.46, 0.0278, 9, 3.29, 19.41, 0.62731, 10, -6.12, 20.26, 0.34489, 3, 8, 11.88, 8.86, 0.45022, 9, -0.76, 8.87, 0.50408, 10, -11.37, 10.27, 0.0457, 2, 8, 3.05, 9.46, 0.98591, 9, -9.59, 9.63, 0.01409, 1, 8, -4.57, 9.98, 1, 1, 8, -6.35, 4.46, 1, 1, 8, -3.53, -1.29, 1, 1, 8, -1.3, -5.86, 1, 2, 8, 0.93, -10.41, 0.99677, 9, -12.04, -10.2, 0.00323, 3, 8, 8.61, -10.37, 0.80466, 9, -4.36, -10.29, 0.19121, 10, -17.18, -8.34, 0.00414, 3, 8, 16.76, -10.32, 0.15061, 9, 3.78, -10.39, 0.65403, 10, -9.1, -9.39, 0.19536, 3, 8, 18.11, -16.99, 0.01431, 9, 5.02, -17.08, 0.57404, 10, -8.66, -16.18, 0.41165, 2, 9, 15.08, -20.52, 0.3716, 10, 0.93, -20.77, 0.6284, 3, 8, 37.1, -17.21, 0, 9, 24, -17.63, 0.21195, 10, 10.13, -18.94, 0.78805, 2, 9, 28.3, -5.02, 0.01598, 10, 15.87, -6.93, 0.98402, 2, 8, 12.66, -1.32, 0.5, 9, -0.16, -1.32, 0.5, 3, 8, 25.9, 10.32, 0.00112, 9, 13.28, 10.1, 0.38367, 10, 2.72, 9.85, 0.61521, 3, 8, 28.86, -10.27, 7.0E-5, 9, 15.88, -10.54, 0.35682, 10, 2.89, -10.95, 0.6431, 2, 9, 13.3, -0.81, 0.19415, 10, 1.46, -0.99, 0.80585, 1, 8, 5.39, -0.45, 1 ],
				"hull": 18,
				"edges": [ 0, 2, 2, 4, 4, 6, 6, 8, 8, 10, 14, 16, 26, 28, 28, 30, 30, 32, 32, 34, 0, 34, 10, 12, 12, 14, 22, 24, 24, 26, 20, 22, 16, 18, 18, 20 ],
				"width": 40,
				"height": 48
			}
		},
		"res/gu6": {
			"res/gu2": {
				"type": "mesh",
				"uvs": [ 0.37621, 0.0803, 0.14526, 0.08925, 0, 0.21234, 0, 0.4764, 0.15063, 0.65767, 0.4326, 0.66662, 0.48598, 0.84571, 0.53196, 1, 0.67698, 1, 0.79233, 0.90736, 0.88379, 0.8339, 0.97506, 0.76061, 0.91511, 0.60858, 0.85153, 0.44731, 1, 0.37794, 1, 0.15639, 0.85958, 0, 0.52659, 0, 0.66892, 0.58606, 0.29028, 0.39808, 0.75754, 0.20786, 0.54808, 0.32423, 0.70383, 0.73599 ],
				"triangles": [ 5, 19, 21, 4, 3, 19, 3, 2, 19, 21, 20, 13, 2, 1, 19, 19, 0, 21, 19, 1, 0, 20, 15, 14, 0, 17, 21, 21, 17, 20, 20, 16, 15, 20, 17, 16, 4, 19, 5, 5, 21, 18, 18, 21, 13, 13, 20, 14, 22, 9, 8, 22, 8, 6, 6, 8, 7, 9, 22, 10, 6, 5, 22, 11, 10, 12, 10, 22, 12, 5, 18, 22, 22, 18, 12, 18, 13, 12 ],
				"vertices": [ 1, 13, 14.99, 0.16, 1, 2, 12, 29.18, 10.8, 0.02294, 13, 18.59, 8.68, 0.97706, 2, 12, 25.46, 18.2, 0.10673, 13, 15.77, 16.47, 0.89327, 2, 12, 13.47, 22.3, 0.38986, 13, 4.33, 21.94, 0.61014, 3, 11, 15.75, 19.46, 0.02687, 12, 3.29, 19.41, 0.60778, 13, -6.12, 20.26, 0.36535, 3, 11, 11.88, 8.86, 0.44162, 12, -0.76, 8.87, 0.49751, 13, -11.37, 10.27, 0.06086, 2, 11, 3.05, 9.46, 0.98815, 12, -9.59, 9.63, 0.01185, 1, 11, -4.57, 9.98, 1, 1, 11, -6.35, 4.46, 1, 1, 11, -3.53, -1.29, 1, 1, 11, -1.3, -5.86, 1, 2, 11, 0.93, -10.41, 0.99672, 12, -12.04, -10.2, 0.00328, 3, 11, 8.61, -10.37, 0.80748, 12, -4.36, -10.29, 0.19054, 13, -17.18, -8.34, 0.00199, 3, 11, 16.76, -10.32, 0.15073, 12, 3.78, -10.39, 0.66911, 13, -9.1, -9.39, 0.18016, 3, 11, 18.11, -16.99, 0.01235, 12, 5.02, -17.08, 0.59865, 13, -8.66, -16.18, 0.389, 2, 12, 15.08, -20.52, 0.38572, 13, 0.93, -20.77, 0.61428, 2, 12, 24, -17.63, 0.22034, 13, 10.13, -18.94, 0.77966, 2, 12, 28.3, -5.02, 0.01845, 13, 15.87, -6.93, 0.98155, 2, 11, 12.66, -1.32, 0.5, 12, -0.16, -1.32, 0.5, 3, 11, 25.9, 10.32, 7.9E-4, 12, 13.28, 10.1, 0.38031, 13, 2.72, 9.85, 0.6189, 2, 12, 15.88, -10.54, 0.2946, 13, 2.89, -10.95, 0.7054, 2, 12, 13.3, -0.81, 0.26608, 13, 1.46, -0.99, 0.73392, 1, 11, 5.39, -0.45, 1 ],
				"hull": 18,
				"edges": [ 0, 2, 2, 4, 4, 6, 6, 8, 8, 10, 14, 16, 26, 28, 28, 30, 30, 32, 32, 34, 0, 34, 10, 12, 12, 14, 22, 24, 24, 26, 20, 22, 16, 18, 18, 20 ],
				"width": 40,
				"height": 48
			}
		}
	}
},
"animations": {
	"appear": {
		"slots": {
			"res/appear": {
				"attachment": [
					{ "time": 0, "name": "res/appear" }
				]
			}
		}
	},
	"down1": {
		"slots": {
			"res/appear": {
				"attachment": [
					{ "time": 0, "name": "res/down1" },
					{ "time": 0.0667, "name": "res/touch1" }
				]
			}
		}
	},
	"down2": {
		"slots": {
			"res/appear": {
				"attachment": [
					{ "time": 0, "name": "res/down1" },
					{ "time": 0.0667, "name": "res/fly1" }
				]
			}
		}
	},
	"down3": {
		"slots": {
			"res/appear": {
				"attachment": [
					{ "time": 0, "name": "res/down1" },
					{ "time": 0.0667, "name": "res/down3" },
					{ "time": 0.1333, "name": "res/down2" },
					{ "time": 0.2, "name": "res/down4" }
				]
			}
		}
	},
	"fly1": {
		"slots": {
			"res/appear": {
				"attachment": [
					{ "time": 0, "name": "res/fly1" }
				]
			}
		}
	},
	"fly2": {
		"slots": {
			"res/appear": {
				"attachment": [
					{ "time": 0, "name": "res/fly2" }
				]
			}
		}
	},
	"fly3": {
		"slots": {
			"res/appear": {
				"attachment": [
					{ "time": 0, "name": "res/fly3" }
				]
			}
		}
	},
	"hurt1": {
		"slots": {
			"res/appear": {
				"attachment": [
					{ "time": 0, "name": "res/hurt1" }
				]
			}
		}
	},
	"hurt2": {
		"slots": {
			"res/appear": {
				"attachment": [
					{ "time": 0, "name": "res/hurt2" }
				]
			}
		}
	},
	"impact": {
		"slots": {
			"res/appear": {
				"attachment": [
					{ "time": 0, "name": "res/impact" }
				]
			}
		}
	},
	"lose1": {
		"slots": {
			"res/appear": {
				"attachment": [
					{ "time": 0, "name": "res/loose1" },
					{ "time": 0.3, "name": "res/loose1" }
				]
			},
			"res/gu4": {
				"attachment": [
					{ "time": 0, "name": "res/gu2" },
					{ "time": 0.3, "name": "res/gu2" }
				]
			},
			"res/gu5": {
				"color": [
					{ "time": 0, "color": "ffffff90", "curve": "stepped" },
					{ "time": 0.0667, "color": "ffffff90" },
					{ "time": 0.2333, "color": "ffffff00", "curve": "stepped" },
					{ "time": 0.3, "color": "ffffff00" }
				],
				"attachment": [
					{ "time": 0, "name": "res/gu2" },
					{ "time": 0.3, "name": "res/gu2" }
				]
			},
			"res/gu6": {
				"color": [
					{ "time": 0, "color": "ffffff90", "curve": "stepped" },
					{ "time": 0.1333, "color": "ffffff90" },
					{ "time": 0.3, "color": "ffffff00" }
				],
				"attachment": [
					{ "time": 0, "name": "res/gu2" },
					{ "time": 0.3, "name": "res/gu2" }
				]
			}
		},
		"bones": {
			"bone6": {
				"rotate": [
					{ "time": 0, "angle": 0 },
					{ "time": 0.0667, "angle": 10.8 },
					{ "time": 0.1333, "angle": -7.2 },
					{ "time": 0.1667, "angle": 7.2 },
					{ "time": 0.2, "angle": -4.8 },
					{ "time": 0.2333, "angle": 0 }
				]
			},
			"bone7": {
				"rotate": [
					{ "time": 0, "angle": 0 },
					{ "time": 0.0667, "angle": 19.2 },
					{ "time": 0.1333, "angle": -21.6 },
					{ "time": 0.1667, "angle": 10.8 },
					{ "time": 0.2, "angle": -1.8 },
					{ "time": 0.2333, "angle": 0 }
				]
			},
			"bone9": {
				"rotate": [
					{ "time": 0, "angle": 0, "curve": "stepped" },
					{ "time": 0.0333, "angle": 0 },
					{ "time": 0.1, "angle": 10.8 },
					{ "time": 0.1667, "angle": -7.2 },
					{ "time": 0.2, "angle": 7.2 },
					{ "time": 0.2333, "angle": -4.8 },
					{ "time": 0.2667, "angle": 0 }
				]
			},
			"bone12": {
				"rotate": [
					{ "time": 0, "angle": 0, "curve": "stepped" },
					{ "time": 0.0667, "angle": 0 },
					{ "time": 0.1333, "angle": 10.8 },
					{ "time": 0.2, "angle": -7.2 },
					{ "time": 0.2333, "angle": 7.2 },
					{ "time": 0.2667, "angle": -4.8 },
					{ "time": 0.3, "angle": 0 }
				]
			},
			"bone10": {
				"rotate": [
					{ "time": 0, "angle": 0, "curve": "stepped" },
					{ "time": 0.0333, "angle": 0 },
					{ "time": 0.1, "angle": 19.2 },
					{ "time": 0.1667, "angle": -21.6 },
					{ "time": 0.2, "angle": 10.8 },
					{ "time": 0.2333, "angle": -1.8 },
					{ "time": 0.2667, "angle": 0 }
				]
			},
			"bone13": {
				"rotate": [
					{ "time": 0, "angle": 0, "curve": "stepped" },
					{ "time": 0.0667, "angle": 0 },
					{ "time": 0.1333, "angle": 19.2 },
					{ "time": 0.2, "angle": -21.6 },
					{ "time": 0.2333, "angle": 10.8 },
					{ "time": 0.2667, "angle": -1.8 },
					{ "time": 0.3, "angle": 0 }
				]
			}
		}
	},
	"lose2": {
		"slots": {
			"res/appear": {
				"attachment": [
					{ "time": 0, "name": "res/loose2" },
					{ "time": 2, "name": "res/loose2" }
				]
			},
			"res/gu1": {
				"color": [
					{ "time": 0, "color": "ffffff00", "curve": "stepped" },
					{ "time": 0.5, "color": "ffffff00" },
					{ "time": 0.8333, "color": "ffffffa7", "curve": "stepped" },
					{ "time": 1.1667, "color": "ffffffa7" },
					{ "time": 1.5, "color": "ffffff00", "curve": "stepped" },
					{ "time": 2, "color": "ffffff00" }
				],
				"attachment": [
					{ "time": 0, "name": "res/gu1" },
					{ "time": 2, "name": "res/gu1" }
				]
			},
			"res/gu2": {
				"color": [
					{ "time": 0, "color": "ffffff00" },
					{ "time": 0.3333, "color": "ffffffa7", "curve": "stepped" },
					{ "time": 0.6667, "color": "ffffffa7" },
					{ "time": 1, "color": "ffffff00", "curve": "stepped" },
					{ "time": 2, "color": "ffffff00" }
				],
				"attachment": [
					{ "time": 0, "name": "res/gu1" },
					{ "time": 2, "name": "res/gu1" }
				]
			},
			"res/gu3": {
				"color": [
					{ "time": 0, "color": "ffffff00", "curve": "stepped" },
					{ "time": 1, "color": "ffffff00" },
					{ "time": 1.3333, "color": "ffffffa7", "curve": "stepped" },
					{ "time": 1.6667, "color": "ffffffa7" },
					{ "time": 2, "color": "ffffff00" }
				],
				"attachment": [
					{ "time": 0, "name": "res/gu1" },
					{ "time": 2, "name": "res/gu1" }
				]
			}
		},
		"bones": {
			"bone2": {
				"translate": [
					{ "time": 0, "x": 0, "y": 0, "curve": "stepped" },
					{ "time": 0.5, "x": 0, "y": 0 },
					{ "time": 1.5, "x": 0, "y": 65.14, "curve": "stepped" },
					{ "time": 2, "x": 0, "y": 65.14 }
				]
			},
			"bone3": {
				"translate": [
					{ "time": 0, "x": 0, "y": 0 },
					{ "time": 1, "x": 0, "y": 40.19, "curve": "stepped" },
					{ "time": 2, "x": 0, "y": 40.19 }
				]
			},
			"bone4": {
				"translate": [
					{ "time": 0, "x": 0, "y": 0, "curve": "stepped" },
					{ "time": 1, "x": 0, "y": 0 },
					{ "time": 2, "x": 0, "y": 71.38 }
				]
			}
		}
	},
	"shoot": {
		"slots": {
			"res/appear": {
				"attachment": [
					{ "time": 0, "name": "res/shoot" }
				]
			}
		}
	},
	"touch1": {
		"slots": {
			"res/appear": {
				"attachment": [
					{ "time": 0, "name": "res/touch1" }
				]
			}
		}
	},
	"touch2": {
		"slots": {
			"res/appear": {
				"attachment": [
					{ "time": 0, "name": "res/touch2" }
				]
			}
		}
	},
	"touch3": {
		"slots": {
			"res/appear": {
				"attachment": [
					{ "time": 0, "name": "res/down4" }
				]
			}
		}
	}
}
}