{
"skeleton": { "hash": "scRTgWxDtW2VP4wLr3fPPMe7fzQ", "spine": "2.1.27", "width": 378, "height": 390, "images": "./res/" },
"bones": [
	{ "name": "root" },
	{ "name": "boom_q", "parent": "root" }
],
"slots": [
	{ "name": "bd_0001", "bone": "boom_q", "attachment": "big_bj0001" }
],
"skins": {
	"default": {
		"bd_0001": {
			"big_bj0001": { "width": 378, "height": 390 },
			"big_bj0002": { "width": 378, "height": 390 },
			"big_bj0003": { "width": 378, "height": 390 },
			"big_bj0004": { "width": 378, "height": 390 },
			"big_bj0005": { "width": 378, "height": 390 },
			"big_bj0006": { "width": 378, "height": 390 },
			"big_bj0007": { "width": 378, "height": 390 },
			"big_bj0008": { "width": 378, "height": 390 },
			"big_bj0009": { "width": 378, "height": 390 },
			"big_bj0010": { "width": 378, "height": 390 },
			"big_bj0011": { "width": 378, "height": 390 },
			"big_bj0012": { "width": 378, "height": 390 },
			"big_bj0013": { "width": 378, "height": 390 },
			"big_bj0014": { "width": 378, "height": 390 }
		}
	}
},
"animations": {
	"boom_big": {
		"slots": {
			"bd_0001": {
				"attachment": [
					{ "time": 0, "name": "big_bj0001" },
					{ "time": 0.0666, "name": "big_bj0002" },
					{ "time": 0.1333, "name": "big_bj0003" },
					{ "time": 0.2, "name": "big_bj0004" },
					{ "time": 0.2666, "name": "big_bj0005" },
					{ "time": 0.3333, "name": "big_bj0006" },
					{ "time": 0.4, "name": "big_bj0007" },
					{ "time": 0.4666, "name": "big_bj0008" },
					{ "time": 0.5333, "name": "big_bj0009" },
					{ "time": 0.6, "name": "big_bj0010" },
					{ "time": 0.6666, "name": "big_bj0011" },
					{ "time": 0.7333, "name": "big_bj0012" },
					{ "time": 0.8, "name": "big_bj0013" },
					{ "time": 0.8666, "name": "big_bj0014" },
					{ "time": 0.9333, "name": null },
					{ "time": 1, "name": null }
				],
				"color": [
					{ "time": 0, "color": "5877ffff", "curve": "stepped" },
					{ "time": 1, "color": "5877ffff" }
				]
			}
		}
	}
}
}