{
"skeleton": { "hash": "rt/OTkSb6TmqqUbqkTzo1RbR2VM", "spine": "2.1.27", "width": 140, "height": 152.9, "images": "" },
"bones": [
	{ "name": "root" },
	{ "name": "bone", "parent": "root" },
	{ "name": "bone14", "parent": "bone", "length": 37.8, "x": 30.64, "y": 53.84, "rotation": 39.59 },
	{ "name": "yanwu", "parent": "bone", "x": 40.73, "y": 68.14 },
	{ "name": "yanwu2", "parent": "bone", "x": 40.73, "y": 72.4 },
	{ "name": "yanwu3", "parent": "bone", "x": 40.73, "y": 68.14 },
	{ "name": "yanwu4", "parent": "bone", "x": 40.73, "y": 61.32 },
	{ "name": "yanwu5", "parent": "bone", "x": 40.73, "y": 68.14 },
	{ "name": "yanwu6", "parent": "bone", "x": 40.73, "y": 68.14 },
	{ "name": "yanwu7", "parent": "bone", "x": 40.73, "y": 68.14 },
	{ "name": "yanwu8", "parent": "bone", "x": 40.73, "y": 68.14 }
],
"slots": [
	{ "name": "res/yan_0007", "bone": "yanwu", "attachment": "res/yan_0007" },
	{ "name": "res/yan_7", "bone": "yanwu2", "attachment": "res/yan_0007" },
	{ "name": "res/yan_8", "bone": "yanwu3", "attachment": "res/yan_0007" },
	{ "name": "res/yan_9", "bone": "yanwu4", "attachment": "res/yan_0007" },
	{ "name": "res/yan_10", "bone": "yanwu5", "attachment": "res/yan_0007" },
	{ "name": "res/yan_11", "bone": "yanwu6", "attachment": "res/yan_0007" },
	{ "name": "res/yan_12", "bone": "yanwu7", "attachment": "res/yan_0007" },
	{ "name": "res/yan_13", "bone": "yanwu8", "attachment": "res/yan_0007" },
	{ "name": "res/hy", "bone": "bone14", "attachment": "res/hy" },
	{ "name": "res/bg_b", "bone": "bone", "attachment": "res/fxgbl_zd" }
],
"skins": {
	"default": {
		"res/bg_b": {
			"res/fxgbl_zd": { "width": 140, "height": 124 }
		},
		"res/hy": {
			"res/hy": { "x": 14.18, "y": 0.12, "rotation": -133.62, "width": 35, "height": 35 }
		},
		"res/yan_0007": {
			"res/yan_0007": { "width": 41, "height": 37 }
		},
		"res/yan_10": {
			"res/yan_0007": { "width": 41, "height": 37 }
		},
		"res/yan_11": {
			"res/yan_0007": { "width": 41, "height": 37 }
		},
		"res/yan_12": {
			"res/yan_0007": { "width": 41, "height": 37 }
		},
		"res/yan_13": {
			"res/yan_0007": { "width": 41, "height": 37 }
		},
		"res/yan_7": {
			"res/yan_0007": { "width": 41, "height": 37 }
		},
		"res/yan_8": {
			"res/yan_0007": { "width": 41, "height": 37 }
		},
		"res/yan_9": {
			"res/yan_0007": { "width": 41, "height": 37 }
		}
	}
},
"animations": {
	"fxgbl_zd_run": {
		"slots": {
			"res/yan_0007": {
				"color": [
					{ "time": 0, "color": "ffffffff" },
					{ "time": 0.3666, "color": "ffffff00", "curve": "stepped" },
					{ "time": 0.4666, "color": "ffffff00" },
					{ "time": 0.5666, "color": "ffffffff", "curve": "stepped" },
					{ "time": 1, "color": "ffffffff" }
				]
			},
			"res/yan_7": {
				"color": [
					{ "time": 0, "color": "ffffffff" },
					{ "time": 0.2, "color": "ffffff00", "curve": "stepped" },
					{ "time": 0.2666, "color": "ffffff00" },
					{ "time": 0.3666, "color": "ffffffff", "curve": "stepped" },
					{ "time": 1, "color": "ffffffff" }
				]
			},
			"res/yan_8": {
				"color": [
					{ "time": 0, "color": "ffffffff" },
					{ "time": 0.1666, "color": "ffffff00", "curve": "stepped" },
					{ "time": 0.4666, "color": "ffffff00" },
					{ "time": 0.5666, "color": "ffffffff", "curve": "stepped" },
					{ "time": 1, "color": "ffffffff" }
				]
			},
			"res/yan_9": {
				"color": [
					{ "time": 0, "color": "ffffffff" },
					{ "time": 0.2666, "color": "ffffff00", "curve": "stepped" },
					{ "time": 0.5666, "color": "ffffff00" },
					{ "time": 0.6666, "color": "ffffffff", "curve": "stepped" },
					{ "time": 1, "color": "ffffffff" }
				]
			},
			"res/yan_10": {
				"color": [
					{ "time": 0, "color": "ffffffff" },
					{ "time": 0.8, "color": "ffffff00", "curve": "stepped" },
					{ "time": 0.8666, "color": "ffffff00" },
					{ "time": 0.9666, "color": "ffffffff", "curve": "stepped" },
					{ "time": 1, "color": "ffffffff" }
				]
			},
			"res/yan_11": {
				"color": [
					{ "time": 0, "color": "ffffffff" },
					{ "time": 0.3666, "color": "ffffff00", "curve": "stepped" },
					{ "time": 0.6666, "color": "ffffff00" },
					{ "time": 0.7666, "color": "ffffffff", "curve": "stepped" },
					{ "time": 1, "color": "ffffffff" }
				]
			},
			"res/yan_12": {
				"color": [
					{ "time": 0, "color": "ffffff54" },
					{ "time": 0.1, "color": "ffffff00", "curve": "stepped" },
					{ "time": 0.1666, "color": "ffffff00" },
					{ "time": 0.4, "color": "ffffffff", "curve": "stepped" },
					{ "time": 0.5, "color": "ffffffff" },
					{ "time": 0.6, "color": "ffffff00" },
					{ "time": 0.7, "color": "ffffffff" },
					{ "time": 1, "color": "ffffff54" }
				]
			},
			"res/yan_13": {
				"color": [
					{ "time": 0, "color": "ffffffff" },
					{ "time": 0.1666, "color": "ffffffe5" },
					{ "time": 1, "color": "ffffff00" }
				]
			}
		},
		"bones": {
			"bone": {
				"translate": [
					{ "time": 0, "x": 0, "y": 0 },
					{ "time": 0.5, "x": 0, "y": -3.5 },
					{ "time": 1, "x": 0, "y": 0 }
				],
				"scale": [
					{ "time": 0, "x": 1, "y": 1 }
				]
			},
			"bone14": {
				"scale": [
					{ "time": 0, "x": 1, "y": 1 },
					{ "time": 0.2666, "x": 1.473, "y": 1.355 },
					{ "time": 0.5, "x": 1, "y": 1 },
					{ "time": 0.7666, "x": 1.473, "y": 1.355 },
					{ "time": 1, "x": 1, "y": 1 }
				]
			},
			"yanwu": {
				"translate": [
					{ "time": 0, "x": -76.18, "y": 1.18 },
					{ "time": 0.3666, "x": -131.58, "y": 2.04 },
					{ "time": 0.4666, "x": 0, "y": 0 },
					{ "time": 1, "x": -76.18, "y": 1.18 }
				],
				"scale": [
					{ "time": 0, "x": 0.421, "y": 0.421 },
					{ "time": 0.3666, "x": 0, "y": 0 },
					{ "time": 0.4666, "x": 1, "y": 1 },
					{ "time": 1, "x": 0.421, "y": 0.421 }
				]
			},
			"yanwu2": {
				"translate": [
					{ "time": 0, "x": -81.79, "y": 1.87 },
					{ "time": 0.2, "x": -109.05, "y": 2.5 },
					{ "time": 0.2666, "x": 0, "y": 0 },
					{ "time": 1, "x": -81.79, "y": 1.87 }
				],
				"scale": [
					{ "time": 0, "x": 0.249, "y": 0.249 },
					{ "time": 0.2, "x": 0, "y": 0 },
					{ "time": 0.2666, "x": 1, "y": 1 },
					{ "time": 1, "x": 0.249, "y": 0.249 }
				]
			},
			"yanwu3": {
				"translate": [
					{ "time": 0, "x": -105.26, "y": 1.63 },
					{ "time": 0.1666, "x": -131.58, "y": 2.04, "curve": "stepped" },
					{ "time": 0.4, "x": -131.58, "y": 2.04 },
					{ "time": 0.4666, "x": 0, "y": 0 },
					{ "time": 1, "x": -96.49, "y": 1.5 }
				],
				"scale": [
					{ "time": 0, "x": 0.199, "y": 0.199 },
					{ "time": 0.1666, "x": 0, "y": 0, "curve": "stepped" },
					{ "time": 0.4, "x": 0, "y": 0 },
					{ "time": 0.4666, "x": 1, "y": 1 },
					{ "time": 1, "x": 0.266, "y": 0.266 }
				]
			},
			"yanwu4": {
				"translate": [
					{ "time": 0, "x": -87.72, "y": 1.36 },
					{ "time": 0.2666, "x": -131.58, "y": 2.04, "curve": "stepped" },
					{ "time": 0.5, "x": -131.58, "y": 2.04 },
					{ "time": 0.5666, "x": 0, "y": 0 },
					{ "time": 1, "x": -78.95, "y": 1.22 }
				],
				"scale": [
					{ "time": 0, "x": 0.333, "y": 0.333 },
					{ "time": 0.2666, "x": 0, "y": 0, "curve": "stepped" },
					{ "time": 0.5, "x": 0, "y": 0 },
					{ "time": 0.5666, "x": 1, "y": 1 },
					{ "time": 1, "x": 0.399, "y": 0.399 }
				]
			},
			"yanwu5": {
				"translate": [
					{ "time": 0, "x": -18.58, "y": 0.3 },
					{ "time": 0.8, "x": -123.9, "y": 2.04 },
					{ "time": 0.8666, "x": 0, "y": 0 },
					{ "time": 1, "x": -18.58, "y": 0.3 }
				],
				"scale": [
					{ "time": 0, "x": 0.849, "y": 0.849 },
					{ "time": 0.8, "x": 0, "y": 0 },
					{ "time": 0.8666, "x": 1, "y": 1 },
					{ "time": 1, "x": 0.849, "y": 0.849 }
				]
			},
			"yanwu6": {
				"translate": [
					{ "time": 0, "x": -61.4, "y": 0.95 },
					{ "time": 0.3666, "x": -131.58, "y": 2.04, "curve": "stepped" },
					{ "time": 0.6, "x": -131.58, "y": 2.04 },
					{ "time": 0.6666, "x": 0, "y": 0 },
					{ "time": 1, "x": -61.4, "y": 0.95 }
				],
				"scale": [
					{ "time": 0, "x": 0.533, "y": 0.533 },
					{ "time": 0.3666, "x": 0, "y": 0, "curve": "stepped" },
					{ "time": 0.6, "x": 0, "y": 0 },
					{ "time": 0.6666, "x": 1, "y": 1 },
					{ "time": 1, "x": 0.533, "y": 0.533 }
				]
			},
			"yanwu7": {
				"translate": [
					{ "time": 0, "x": -55.4, "y": 0.86 },
					{ "time": 0.1, "x": -76.18, "y": 1.18, "curve": "stepped" },
					{ "time": 0.1666, "x": -76.18, "y": 1.18 },
					{ "time": 0.5, "x": -131.58, "y": 2.04 },
					{ "time": 0.6, "x": 0, "y": 0 },
					{ "time": 1, "x": -55.4, "y": 0.86 }
				],
				"scale": [
					{ "time": 0, "x": 0.578, "y": 0.578 },
					{ "time": 0.1, "x": 0.421, "y": 0.421, "curve": "stepped" },
					{ "time": 0.1666, "x": 0.421, "y": 0.421 },
					{ "time": 0.5, "x": 0, "y": 0 },
					{ "time": 0.6, "x": 1, "y": 1 },
					{ "time": 1, "x": 0.578, "y": 0.578 }
				]
			},
			"yanwu8": {
				"translate": [
					{ "time": 0, "x": 3.09, "y": -3.41 },
					{ "time": 1, "x": -140.77, "y": 2.04 }
				],
				"scale": [
					{ "time": 0, "x": 1, "y": 1 },
					{ "time": 1, "x": 0, "y": 0 }
				]
			}
		}
	}
}
}