{
"skeleton": { "hash": "2H0YixvW/k4nS9ByWZpu6mapIuY", "spine": "3.6.52", "width": 94.17, "height": 141.9, "images": "./res/" },
"bones": [
	{ "name": "root", "scaleX": 0.6, "scaleY": 0.6 },
	{ "name": "bone", "parent": "root", "length": 55.2, "rotation": 118.59, "x": 10.48, "y": 8.38 },
	{ "name": "bone2", "parent": "bone", "rotation": -118.59, "x": -4.66, "y": 41.32 },
	{ "name": "bone3", "parent": "bone", "rotation": -118.59, "x": -17.1, "y": -11.77 },
	{ "name": "bone4", "parent": "bone", "rotation": -118.59, "x": -18.15, "y": -30.56 },
	{ "name": "bone5", "parent": "bone", "rotation": -118.59, "x": -22.94, "y": 13.05 }
],
"slots": [
	{ "name": "g12_3", "bone": "bone4", "attachment": "g12_04" },
	{ "name": "g12_01", "bone": "bone", "attachment": "g12_01" },
	{ "name": "g12_4", "bone": "bone5", "attachment": "jb" },
	{ "name": "g12_1", "bone": "bone2", "attachment": "g12_02" },
	{ "name": "g12_2", "bone": "bone3", "attachment": "g12_03" }
],
"skins": {
	"default": {
		"g12_01": {
			"g12_01": {
				"type": "mesh",
				"uvs": [ 6.7E-4, 0.18357, 0, 0.42492, 0.15581, 0.58582, 0.29684, 0.45174, 0.36031, 0.56571, 0.38147, 0.67298, 0.27403, 0.81673, 0.19107, 0.92774, 0.22633, 1, 0.43788, 1, 0.55071, 0.91433, 0.74816, 0.93444, 0.8892, 0.84058, 1, 0.78024, 1, 0.61264, 0.91741, 0.53219, 0.83279, 0.43833, 0.70585, 0.28413, 0.83984, 0.20368, 0.70585, 0, 0.54987, 0, 0.39557, 0, 0.28979, 0.08971, 0.16991, 0.15005, 0.43083, 0.28413, 0.66354, 0.59923, 0.48388, 0.19695, 0.28592, 0.30028, 0.10738, 0.35194, 0.60809, 0.1047, 0.76335, 0.5549, 0.57315, 0.67298, 0.44895, 0.48109, 0.63526, 0.3667, 0.56151, 0.46264, 0.51493, 0.35932, 0.44895, 0.39622, 0.57704, 0.32242, 0.53434, 0.27076, 0.40237, 0.35563, 0.69736, 0.44419, 0.48, 0.57335, 0.84486, 0.63977, 0.72065, 0.72833, 0.59256, 0.78368, 0.43342, 0.81321, 0.3325, 0.91653, 0.36744, 0.20433, 0.47612, 0.09363, 0.17724, 0.23385, 0.66243, 0.20802, 0.19665, 0.46264 ],
				"triangles": [ 48, 21, 20, 29, 20, 19, 48, 20, 29, 26, 48, 29, 50, 29, 19, 48, 47, 22, 48, 22, 21, 47, 48, 26, 18, 50, 19, 26, 29, 50, 49, 23, 22, 49, 22, 47, 0, 23, 49, 38, 26, 50, 17, 50, 18, 24, 47, 26, 24, 26, 38, 27, 49, 47, 27, 47, 24, 37, 38, 50, 37, 50, 17, 28, 0, 49, 28, 49, 27, 39, 27, 24, 35, 24, 38, 35, 38, 37, 39, 24, 35, 33, 37, 17, 36, 39, 35, 1, 0, 28, 40, 33, 17, 16, 40, 17, 3, 27, 39, 51, 28, 27, 33, 34, 35, 33, 35, 37, 34, 33, 40, 36, 35, 34, 3, 51, 27, 36, 3, 39, 32, 36, 34, 32, 3, 36, 30, 40, 16, 30, 16, 15, 4, 3, 32, 41, 32, 34, 4, 32, 41, 51, 1, 28, 2, 1, 51, 2, 51, 3, 25, 34, 40, 25, 40, 30, 41, 34, 25, 42, 30, 15, 42, 15, 14, 5, 4, 41, 31, 41, 25, 5, 41, 31, 43, 25, 30, 43, 30, 42, 31, 25, 43, 42, 14, 13, 44, 31, 43, 45, 5, 31, 45, 31, 44, 6, 5, 45, 12, 42, 13, 43, 42, 12, 10, 45, 44, 46, 6, 45, 7, 6, 46, 11, 43, 12, 44, 43, 11, 10, 44, 11, 8, 7, 46, 9, 45, 10, 46, 45, 9, 8, 46, 9 ],
				"vertices": [ 111.97, 41.28, 81.92, 57.77, 51.79, 50.24, 59.4, 24.4, 41.09, 24.63, 26.35, 29.41, 15.37, 51.92, 6.89, 69.3, -4.4, 70.03, -18.07, 44.95, -14.68, 25.76, -29.95, 3.72, -27.36, -19.38, -27, -36.61, -6.1, -48, 9.27, -43.68, 26.44, -40.03, 53.86, -35.47, 55.24, -56.82, 89.29, -54.78, 99.37, -36.29, 109.34, -18, 104.99, 0.63, 105.21, 18.94, 71.64, -2.87, 17.31, -9.04, 79.08, -15.08, 78.99, 15.4, 84.08, 40.08, 82.55, -36.07, 16.39, -23.88, 13.96, 6.69, 45.91, 8.37, 48.13, -21.49, 40.94, -6.22, 56.83, -7.73, 56.49, 2.6, 57.41, -17.6, 66.61, -16.05, 64.56, 5.36, 34.46, -23.58, 32.4, 10.96, 0.54, -27.77, -2.47, -7.03, -1.1, 11.92, 5.5, 32.78, -0.86, 51.77, 85.68, -0.78, 92.46, -21.18, 94.29, 23.77, 66.16, -35.49, 64.51, 37.02 ],
				"hull": 24,
				"edges": [ 0, 2, 2, 4, 4, 6, 6, 8, 8, 10, 14, 16, 16, 18, 18, 20, 20, 22, 22, 24, 24, 26, 26, 28, 28, 30, 30, 32, 32, 34, 34, 36, 36, 38, 42, 44, 44, 46, 0, 46, 38, 40, 40, 42, 10, 12, 12, 14 ],
				"width": 135,
				"height": 142
			}
		},
		"g12_1": {
			"g12_02": { "x": -7, "y": -29, "width": 27, "height": 70 }
		},
		"g12_2": {
			"g12_03": { "x": 6, "y": -30, "width": 27, "height": 70 }
		},
		"g12_3": {
			"g12_04": { "x": 13, "y": -25, "width": 37, "height": 60 }
		},
		"g12_4": {
			"jb": { "x": 12, "y": -33, "width": 110, "height": 145 }
		}
	}
},
"animations": {
	"xg_fxqd": {
		"bones": {
			"bone": {
				"translate": [
					{ "time": 0, "x": 0, "y": -4.87 },
					{ "time": 0.5, "x": 0, "y": 5.56 },
					{ "time": 1, "x": 0, "y": -4.87 }
				],
				"scale": [
					{ "time": 0, "x": 1, "y": 1 },
					{ "time": 0.5, "x": 0.98, "y": 1 },
					{ "time": 1, "x": 1, "y": 1 }
				]
			},
			"bone4": {
				"scale": [
					{ "time": 0, "x": 1, "y": 1 },
					{ "time": 0.5, "x": 1.008, "y": 0.95 },
					{ "time": 1, "x": 1, "y": 1 }
				]
			},
			"bone5": {
				"translate": [
					{ "time": 0, "x": 0, "y": 0 },
					{ "time": 0.5, "x": 3.47, "y": -1.05 },
					{ "time": 1, "x": 0, "y": 0 }
				],
				"scale": [
					{ "time": 0, "x": 1, "y": 1 },
					{ "time": 0.5, "x": 1.02, "y": 1 },
					{ "time": 1, "x": 1, "y": 1 }
				]
			},
			"bone3": {
				"scale": [
					{ "time": 0, "x": 1, "y": 1 },
					{ "time": 0.5, "x": 1.008, "y": 0.93 },
					{ "time": 1, "x": 1, "y": 1 }
				]
			},
			"bone2": {
				"scale": [
					{ "time": 0, "x": 1, "y": 1 },
					{ "time": 0.5, "x": 1.008, "y": 0.93 },
					{ "time": 1, "x": 1, "y": 1 }
				]
			}
		}
	}
}
}