{
"skeleton": { "hash": "K/ZJ0vxawsvZgo1n1MqcAYqJFHU", "spine": "2.1.27", "width": 253.5, "height": 355.5, "images": "./res/" },
"bones": [
	{ "name": "root" },
	{ "name": "fxjsq_boom", "parent": "root", "scaleX": 1.5, "scaleY": 1.5 }
],
"slots": [
	{ "name": "bz_0001", "bone": "fxjsq_boom", "attachment": "bz_0002" }
],
"skins": {
	"default": {
		"bz_0001": {
			"bz_0001": { "width": 169, "height": 237 },
			"bz_0002": { "width": 169, "height": 237 },
			"bz_0003": { "width": 169, "height": 237 },
			"bz_0004": { "width": 169, "height": 237 },
			"bz_0005": { "width": 169, "height": 237 },
			"bz_0006": { "width": 169, "height": 237 },
			"bz_0007": { "width": 169, "height": 237 },
			"bz_0008": { "width": 169, "height": 237 },
			"bz_0009": { "width": 169, "height": 237 },
			"bz_0010": { "width": 169, "height": 237 },
			"bz_0011": { "width": 169, "height": 237 },
			"bz_0012": { "width": 169, "height": 237 },
			"bz_0013": { "width": 169, "height": 237 },
			"bz_0014": { "width": 169, "height": 237 },
			"bz_0015": { "width": 169, "height": 237 },
			"bz_0016": { "width": 169, "height": 237 },
			"bz_0017": { "width": 169, "height": 237 },
			"bz_0018": { "width": 169, "height": 237 },
			"bz_0019": { "width": 169, "height": 237 },
			"bz_0020": { "width": 169, "height": 237 },
			"bz_0021": { "width": 169, "height": 237 }
		}
	}
},
"animations": {
	"boom_j": {
		"slots": {
			"bz_0001": {
				"attachment": [
					{ "time": 0, "name": "bz_0001" },
					{ "time": 0.0333, "name": "bz_0002" },
					{ "time": 0.0666, "name": "bz_0003" },
					{ "time": 0.1, "name": "bz_0004" },
					{ "time": 0.1333, "name": "bz_0005" },
					{ "time": 0.1666, "name": "bz_0006" },
					{ "time": 0.2, "name": "bz_0007" },
					{ "time": 0.2333, "name": "bz_0008" },
					{ "time": 0.2666, "name": "bz_0009" },
					{ "time": 0.3, "name": "bz_0010" },
					{ "time": 0.3333, "name": "bz_0011" },
					{ "time": 0.3666, "name": "bz_0012" },
					{ "time": 0.4, "name": "bz_0013" },
					{ "time": 0.4333, "name": "bz_0014" },
					{ "time": 0.4666, "name": "bz_0015" },
					{ "time": 0.5, "name": "bz_0016" },
					{ "time": 0.5333, "name": "bz_0017" },
					{ "time": 0.5666, "name": "bz_0018" },
					{ "time": 0.6, "name": "bz_0019" },
					{ "time": 0.6333, "name": "bz_0020" },
					{ "time": 0.6666, "name": "bz_0021" },
					{ "time": 0.7, "name": null }
				],
				"color": [
					{ "time": 0, "color": "ffb406ff", "curve": "stepped" },
					{ "time": 0.7, "color": "ffb406ff" }
				]
			}
		}
	},
	"boom_y": {
		"slots": {
			"bz_0001": {
				"attachment": [
					{ "time": 0, "name": "bz_0001" },
					{ "time": 0.0333, "name": "bz_0002" },
					{ "time": 0.0666, "name": "bz_0003" },
					{ "time": 0.1, "name": "bz_0004" },
					{ "time": 0.1333, "name": "bz_0005" },
					{ "time": 0.1666, "name": "bz_0006" },
					{ "time": 0.2, "name": "bz_0007" },
					{ "time": 0.2333, "name": "bz_0008" },
					{ "time": 0.2666, "name": "bz_0009" },
					{ "time": 0.3, "name": "bz_0010" },
					{ "time": 0.3333, "name": "bz_0011" },
					{ "time": 0.3666, "name": "bz_0012" },
					{ "time": 0.4, "name": "bz_0013" },
					{ "time": 0.4333, "name": "bz_0014" },
					{ "time": 0.4666, "name": "bz_0015" },
					{ "time": 0.5, "name": "bz_0016" },
					{ "time": 0.5333, "name": "bz_0017" },
					{ "time": 0.5666, "name": "bz_0018" },
					{ "time": 0.6, "name": "bz_0019" },
					{ "time": 0.6333, "name": "bz_0020" },
					{ "time": 0.6666, "name": "bz_0021" },
					{ "time": 0.7, "name": null }
				]
			}
		}
	}
}
}