{
"skeleton": { "hash": "yuXTNZdVULIA7MLCx9EDrwB6aKo", "spine": "3.4.02", "width": 0, "height": 0, "images": "" },
"bones": [
	{ "name": "root" },
	{ "name": "bone", "parent": "root", "x": 3.47, "y": -25.66 },
	{ "name": "bone2", "parent": "bone", "x": 11.13, "y": 34.83 },
	{ "name": "bone3", "parent": "bone", "x": -61.06, "y": 36.79 },
	{ "name": "bone4", "parent": "root", "x": 10.53, "y": 33.96 },
	{ "name": "bone5", "parent": "root", "length": 45.41, "rotation": 127.37, "x": 1.95, "y": 2.93 },
	{ "name": "bone6", "parent": "bone5", "length": 85, "rotation": -103.82, "x": 45.41, "y": 0.18 },
	{ "name": "bone7", "parent": "bone6", "length": 43.49, "rotation": -66.58, "x": 62.06, "y": -1.45 },
	{ "name": "bone8", "parent": "bone6", "length": 36.93, "rotation": -121.88, "x": 42.45, "y": 15.57 },
	{ "name": "bone9", "parent": "bone8", "length": 38.43, "rotation": 43.13, "x": 36.93, "y": -0.08 },
	{ "name": "bone10", "parent": "bone6", "length": 26.72, "rotation": -137.34, "x": 69.83, "y": 6.51 },
	{ "name": "bone11", "parent": "bone10", "length": 37.62, "rotation": 27.1, "x": 26.86, "y": -0.25 }
],
"slots": [
	{ "name": "res/hou", "bone": "bone2", "attachment": "res/hou" },
	{ "name": "res/ren", "bone": "bone4", "attachment": "res/ren" },
	{ "name": "res/zuoshou", "bone": "root" },
	{ "name": "res/shen", "bone": "root" },
	{ "name": "res/tou", "bone": "bone7" },
	{ "name": "res/youshou", "bone": "root" },
	{ "name": "res/qian", "bone": "bone", "attachment": "res/qian" },
	{ "name": "res/fei1", "bone": "bone3", "attachment": "res/fei1" }
],
"skins": {
	"default": {
		"res/fei1": {
			"res/fei1": { "width": 31, "height": 32 },
			"res/fei2": { "width": 31, "height": 32 },
			"res/fei3": { "width": 31, "height": 32 },
			"res/fei4": { "width": 31, "height": 32 }
		},
		"res/hou": {
			"res/hou": { "width": 62, "height": 19 }
		},
		"res/qian": {
			"res/qian": { "width": 138, "height": 88 }
		},
		"res/ren": {
			"res/ren": { "width": 68, "height": 82 }
		},
		"res/shen": {
			"res/shen": {
				"type": "mesh",
				"uvs": [ 0.32453, 1, 0.16503, 0.86662, 0, 0.72862, 0, 0.4465, 0.25219, 0.13482, 0.51819, 0, 0.78653, 0.01929, 1, 0.27185, 1, 0.65876, 0.74453, 0.78236, 0.59286, 1, 0.34319, 0.59428, 0.61853, 0.34709 ],
				"triangles": [ 11, 12, 9, 9, 12, 8, 12, 7, 8, 3, 4, 11, 11, 4, 12, 4, 5, 12, 12, 6, 7, 12, 5, 6, 9, 10, 11, 10, 0, 11, 0, 1, 11, 1, 2, 11, 2, 3, 11 ],
				"vertices": [ 1, 5, 3.25, 15.1, 1, 1, 5, 24.78, 21.54, 1, 2, 5, 47.06, 28.2, 0.92194, 6, -27.6, -5.09, 0.07805, 2, 5, 69.26, 11.25, 0.37034, 6, -16.45, 20.51, 0.62965, 1, 6, 22.23, 37.31, 1, 1, 6, 55.36, 37.43999, 1, 1, 6, 82.64, 23.47, 1, 1, 6, 94.96, -9.17, 1, 2, 5, -16.62, -66.58999, 0.06866, 6, 79.66, -44.28, 0.93133, 2, 5, -8.67, -36.02, 0.45777, 6, 48.07, -43.87, 0.54222, 2, 5, -15.3, -9.2, 0.96083, 6, 23.62, -56.71, 0.03915, 2, 5, 33.89, -10.96, 0.2605, 6, 13.57, -8.52, 0.73949, 1, 6, 52.12, 1.36, 1 ],
				"hull": 11,
				"edges": [ 4, 6, 6, 8, 8, 10, 10, 12, 12, 14, 14, 16, 16, 18, 18, 20, 0, 20, 0, 2, 2, 4 ],
				"width": 114,
				"height": 99
			}
		},
		"res/tou": {
			"res/tou": { "x": 18.78, "y": 6.8, "rotation": 43.03, "width": 61, "height": 67 }
		},
		"res/youshou": {
			"res/youshou": {
				"type": "mesh",
				"uvs": [ 0.27725, 0, 0, 0.24063, 0, 0.63887, 0.25748, 0.8458, 0.4502, 1, 0.82575, 1, 1, 0.90046, 1, 0.73258, 0.78621, 0.68963, 0.77139, 0.45147, 0.89987, 0.10398, 0.64785, 0, 0.41561, 0.16645, 0.34149, 0.49441, 0.57867, 0.80676 ],
				"triangles": [ 4, 14, 5, 14, 8, 5, 5, 8, 6, 4, 3, 14, 8, 7, 6, 3, 13, 14, 8, 14, 9, 3, 2, 13, 14, 13, 9, 2, 1, 13, 13, 12, 9, 13, 1, 12, 12, 11, 9, 9, 11, 10, 1, 0, 12, 12, 0, 11 ],
				"vertices": [ 1, 8, -7.87, -13.6, 1, 2, 8, 13.98, -28.34, 0.99891, 9, -36.08, -4.92999, 0.00107, 2, 8, 45.89, -23.67, 0.58998, 9, -9.58, -23.35, 0.41001, 2, 8, 60.1, -4.94, 0.0356, 9, 13.58, -19.37999, 0.96439, 1, 9, 30.88, -16.37999, 1, 1, 9, 44.6, 3.35, 1, 1, 9, 44.34, 17.11, 1, 1, 9, 33.16999, 24.87, 1, 2, 8, 42.68, 26.7, 0.04469, 9, 22.51, 15.62, 0.9553, 2, 8, 23.73, 22.97, 0.72147, 9, 6.12, 25.85, 0.27851, 1, 8, -5.3, 27.03, 1, 1, 8, -11.3, 9.85999, 1, 1, 8, 4.17999, -2.89, 1, 2, 8, 31.15, -3.74, 0.93384, 9, -6.72, 1.27, 0.06615, 1, 9, 22.72, -0.69, 1 ],
				"hull": 12,
				"edges": [ 0, 2, 2, 4, 4, 6, 6, 8, 8, 10, 10, 12, 12, 14, 14, 16, 16, 18, 18, 20, 20, 22, 0, 22 ],
				"width": 64,
				"height": 81
			}
		},
		"res/zuoshou": {
			"res/zuoshou": {
				"type": "mesh",
				"uvs": [ 0.27115, 0, 0, 0.16944, 0.11444, 0.58362, 0, 0.74407, 0, 0.94556, 0.21474, 1, 0.67862, 0.94556, 0.82906, 0.78138, 0.69115, 0.64332, 0.74757, 0.4381, 1, 0.37093, 1, 0.15078, 0.68488, 0, 0.66608, 0.13213, 0.44041, 0.3672, 0.40906, 0.6769 ],
				"triangles": [ 5, 15, 6, 15, 5, 3, 6, 8, 7, 6, 15, 8, 15, 3, 2, 3, 5, 4, 15, 14, 8, 15, 2, 14, 8, 14, 9, 2, 1, 14, 14, 13, 9, 10, 9, 11, 9, 13, 11, 1, 0, 14, 14, 0, 13, 13, 12, 11, 13, 0, 12 ],
				"vertices": [ 1, 10, 0.08, -19.45, 1, 2, 10, 18.57, -26.11, 0.92826, 11, -19.15, -19.25, 0.07173, 2, 10, 48.1, -6.84, 0.00877, 11, 15.91, -15.54, 0.99122, 1, 11, 29.03, -22.03, 1, 1, 11, 45.93, -23.01, 1, 1, 11, 51.11, -12.55, 1, 1, 11, 47.89, 10.86, 1, 1, 11, 34.55, 19.16, 1, 2, 10, 41.06, 21.56, 0.00128, 11, 22.58, 12.95, 0.99871, 2, 10, 24.15, 17.18, 0.53308, 11, 5.53, 16.76, 0.46691, 2, 10, 13.9, 26.46, 0.94189, 11, 0.62, 29.68, 0.0581, 1, 10, -3.01, 19, 1, 1, 10, -8.25, -0.52, 1, 1, 10, 2.27, 3.09, 1, 2, 10, 24.89, 0.73, 0.5, 11, -1.29, 1.77, 0.5, 1, 11, 24.58, -1.29, 1 ],
				"hull": 13,
				"edges": [ 0, 2, 2, 4, 4, 6, 6, 8, 8, 10, 10, 12, 12, 14, 14, 16, 16, 18, 18, 20, 20, 22, 22, 24, 0, 24 ],
				"width": 50,
				"height": 84
			}
		}
	}
},
"animations": {
	"gbl_run": {
		"slots": {
			"res/fei1": {
				"attachment": [
					{ "time": 0, "name": "res/fei1" },
					{ "time": 0.0333, "name": "res/fei2" },
					{ "time": 0.0666, "name": "res/fei3" },
					{ "time": 0.1, "name": "res/fei4" },
					{ "time": 0.1333, "name": "res/fei1" },
					{ "time": 0.1666, "name": "res/fei2" },
					{ "time": 0.2, "name": "res/fei3" },
					{ "time": 0.2333, "name": "res/fei1" },
					{ "time": 0.2666, "name": "res/fei2" },
					{ "time": 0.3, "name": "res/fei3" },
					{ "time": 0.3333, "name": "res/fei4" }
				]
			},
			"res/ren": {
				"attachment": [
					{ "time": 0, "name": "res/ren" },
					{ "time": 0.3333, "name": "res/ren" }
				]
			},
			"res/shen": {
				"attachment": [
					{ "time": 0, "name": null },
					{ "time": 0.3333, "name": null }
				]
			},
			"res/tou": {
				"attachment": [
					{ "time": 0, "name": null },
					{ "time": 0.3333, "name": null }
				]
			},
			"res/youshou": {
				"attachment": [
					{ "time": 0, "name": null },
					{ "time": 0.3333, "name": null }
				]
			},
			"res/zuoshou": {
				"attachment": [
					{ "time": 0, "name": null },
					{ "time": 0.3333, "name": null }
				]
			}
		},
		"bones": {
			"bone": {
				"translate": [
					{ "time": 0, "x": 0, "y": 0 },
					{ "time": 0.1666, "x": 0, "y": 2.85 },
					{ "time": 0.3333, "x": 0, "y": 0 }
				]
			},
			"bone4": {
				"translate": [
					{ "time": 0, "x": 0, "y": 0 },
					{ "time": 0.1666, "x": 0, "y": 1.22 },
					{ "time": 0.3333, "x": 0, "y": 0 }
				]
			}
		}
	},
	"ljr_run": {
		"slots": {
			"res/fei1": {
				"attachment": [
					{ "time": 0, "name": "res/fei1" },
					{ "time": 0.0333, "name": "res/fei2" },
					{ "time": 0.0666, "name": "res/fei3" },
					{ "time": 0.1, "name": "res/fei4" },
					{ "time": 0.1333, "name": "res/fei1" },
					{ "time": 0.1666, "name": "res/fei2" },
					{ "time": 0.2, "name": "res/fei3" },
					{ "time": 0.2333, "name": "res/fei1" },
					{ "time": 0.2666, "name": "res/fei2" },
					{ "time": 0.3, "name": "res/fei3" },
					{ "time": 0.3333, "name": "res/fei4" }
				]
			},
			"res/ren": {
				"attachment": [
					{ "time": 0, "name": null },
					{ "time": 0.3333, "name": null }
				]
			},
			"res/shen": {
				"attachment": [
					{ "time": 0, "name": "res/shen" },
					{ "time": 0.3333, "name": "res/shen" }
				]
			},
			"res/tou": {
				"attachment": [
					{ "time": 0, "name": "res/tou" },
					{ "time": 0.3333, "name": "res/tou" }
				]
			},
			"res/youshou": {
				"attachment": [
					{ "time": 0, "name": "res/youshou" },
					{ "time": 0.3333, "name": "res/youshou" }
				]
			},
			"res/zuoshou": {
				"attachment": [
					{ "time": 0, "name": "res/zuoshou" },
					{ "time": 0.3333, "name": "res/zuoshou" }
				]
			}
		},
		"bones": {
			"bone": {
				"translate": [
					{ "time": 0, "x": 0, "y": 0 },
					{ "time": 0.1666, "x": 0, "y": 2.85 },
					{ "time": 0.3333, "x": 0, "y": 0 }
				]
			},
			"bone4": {
				"translate": [
					{ "time": 0, "x": 0, "y": 0 },
					{ "time": 0.1666, "x": 0, "y": 1.22 },
					{ "time": 0.3333, "x": 0, "y": 0 }
				]
			},
			"bone7": {
				"rotate": [
					{ "time": 0, "angle": 0 },
					{ "time": 0.1666, "angle": 357.6 },
					{ "time": 0.3333, "angle": 0 }
				]
			},
			"bone5": {
				"translate": [
					{ "time": 0, "x": 0, "y": 0 },
					{ "time": 0.1666, "x": 0, "y": 1.22 },
					{ "time": 0.3333, "x": 0, "y": 0 }
				]
			},
			"bone6": {
				"rotate": [
					{ "time": 0, "angle": 0 },
					{ "time": 0.1666, "angle": -1.19 },
					{ "time": 0.3333, "angle": 0 }
				]
			},
			"bone8": {
				"rotate": [
					{ "time": 0, "angle": 0 },
					{ "time": 0.1666, "angle": 358.8 },
					{ "time": 0.3333, "angle": 0 }
				],
				"translate": [
					{ "time": 0, "x": 0, "y": 0 },
					{ "time": 0.1666, "x": 0.45, "y": 1.1 },
					{ "time": 0.3333, "x": 0, "y": 0 }
				]
			},
			"bone9": {
				"rotate": [
					{ "time": 0, "angle": 0 },
					{ "time": 0.1666, "angle": 363 },
					{ "time": 0.3333, "angle": 0 }
				]
			},
			"bone10": {
				"rotate": [
					{ "time": 0, "angle": 0 },
					{ "time": 0.1666, "angle": 357.59 },
					{ "time": 0.3333, "angle": 0 }
				],
				"translate": [
					{ "time": 0, "x": 0, "y": 0 },
					{ "time": 0.1666, "x": 0.45, "y": 1.1 },
					{ "time": 0.3333, "x": 0, "y": 0 }
				]
			},
			"bone11": {
				"rotate": [
					{ "time": 0, "angle": 0 },
					{ "time": 0.1666, "angle": 365.39 },
					{ "time": 0.3333, "angle": 0 }
				]
			}
		}
	}
}
}