{
"skeleton": { "hash": "YFXMvw+cC03M2tVNNO2KG+tbpzc", "spine": "3.6.52", "width": 151.8, "height": 131.62, "images": "./res/" },
"bones": [
	{ "name": "root", "scaleX": 0.6, "scaleY": 0.6 },
	{ "name": "bone5", "parent": "root", "x": -6.18, "y": -79.63 },
	{ "name": "bone3", "parent": "bone5", "length": 20, "rotation": 53.45, "x": 3.86, "y": 10.12 },
	{ "name": "bone11", "parent": "bone3", "length": 22.8, "rotation": 23.04, "x": 22.78, "y": 1.02 },
	{ "name": "bone2", "parent": "bone11", "rotation": -76.49, "x": 52.53, "y": 20.27 },
	{ "name": "bone", "parent": "bone2", "x": 6.75, "y": -13.5 },
	{ "name": "bone4", "parent": "bone5", "length": 20, "rotation": 173.62, "x": -16.76, "y": -2.89 },
	{ "name": "bone6", "parent": "bone5", "length": 20, "rotation": 27.53, "x": 14.89, "y": 1.45 },
	{ "name": "bone7", "parent": "bone6", "length": 14.24, "rotation": -51.51, "x": 22.24, "y": 0.48 },
	{ "name": "bone8", "parent": "bone7", "length": 23.14, "rotation": -30.43, "x": 16.3, "y": -2.26 },
	{ "name": "bone9", "parent": "bone4", "length": 16.92, "rotation": -63.98, "x": 22.37, "y": -2.45 },
	{ "name": "bone10", "parent": "bone9", "length": 26.79, "rotation": -11.14, "x": 16.92, "y": 0.1 },
	{ "name": "ljr_bj", "parent": "root" }
],
"slots": [
	{ "name": "g07_9", "bone": "bone5", "attachment": "g07_06" },
	{ "name": "zhongteng", "bone": "bone11", "attachment": "g07_04" },
	{ "name": "g07_6", "bone": "bone2", "attachment": "g07_03" },
	{ "name": "g07_06", "bone": "bone", "attachment": "g07_01" },
	{ "name": "zuoteng", "bone": "bone10", "attachment": "g07_05" },
	{ "name": "youteng", "bone": "bone8", "attachment": "g07_05" },
	{ "name": "g07_07", "bone": "ljr_bj", "attachment": "g07_08" }
],
"skins": {
	"default": {
		"g07_06": {
			"g07_01": { "x": -12.05, "y": 54.47, "width": 105, "height": 107 },
			"g07_02": { "x": -6.27, "y": 53.5, "width": 117, "height": 107 }
		},
		"g07_07": {
			"g07_07": { "width": 246, "height": 234 },
			"g07_08": { "width": 253, "height": 177 }
		},
		"g07_6": {
			"g07_03": { "x": 5.78, "y": -22.65, "width": 95, "height": 60 }
		},
		"g07_9": {
			"g07_06": { "width": 59, "height": 36 }
		},
		"youteng": {
			"g07_05": { "x": -0.09, "y": 6.32, "scaleX": -1, "scaleY": -1, "rotation": 88.04, "width": 79, "height": 61 }
		},
		"zhongteng": {
			"g07_04": { "y": 3.69, "rotation": -76.49, "width": 38, "height": 49 }
		},
		"zuoteng": {
			"g07_05": { "x": -2.41, "y": 7.4, "rotation": -98.5, "width": 79, "height": 61 }
		}
	}
},
"animations": {
	"xg_srh": {
		"slots": {
			"g07_06": {
				"attachment": [
					{ "time": 0, "name": "g07_01" },
					{ "time": 0.1667, "name": "g07_02" },
					{ "time": 0.3333, "name": "g07_01" },
					{ "time": 0.5, "name": "g07_02" },
					{ "time": 0.6667, "name": "g07_01" },
					{ "time": 1, "name": "g07_01" }
				]
			},
			"g07_07": {
				"attachment": [
					{ "time": 0, "name": null },
					{ "time": 1, "name": null }
				]
			}
		},
		"bones": {
			"bone4": {
				"rotate": [
					{ "time": 0, "angle": 0 },
					{ "time": 0.5, "angle": -31.79 },
					{ "time": 1, "angle": 0 }
				]
			},
			"bone6": {
				"rotate": [
					{ "time": 0, "angle": 25.76 },
					{ "time": 0.5, "angle": 0 },
					{ "time": 1, "angle": 25.76 }
				]
			},
			"bone3": {
				"rotate": [
					{ "time": 0, "angle": 0 },
					{ "time": 0.5, "angle": 5.42 },
					{ "time": 1, "angle": 0 }
				]
			},
			"bone5": {
				"scale": [
					{ "time": 0, "x": 1, "y": 1 },
					{ "time": 0.5, "x": 0.98, "y": 1.02 },
					{ "time": 1, "x": 1, "y": 1 }
				]
			},
			"bone2": {
				"rotate": [
					{ "time": 0, "angle": 0 },
					{ "time": 0.5, "angle": 25.25 },
					{ "time": 1, "angle": 0 }
				],
				"translate": [
					{ "time": 0, "x": 0, "y": 0 },
					{ "time": 0.5, "x": 1.27, "y": -8.96 },
					{ "time": 1, "x": 0, "y": 0 }
				],
				"scale": [
					{ "time": 0, "x": 1, "y": 1 },
					{ "time": 0.5, "x": 1.019, "y": 0.965 },
					{ "time": 1, "x": 1, "y": 1 }
				]
			}
		}
	},
	"xg_srh_lvr1": {
		"slots": {
			"g07_06": {
				"attachment": [
					{ "time": 0, "name": null }
				]
			},
			"g07_6": {
				"attachment": [
					{ "time": 0, "name": null }
				]
			},
			"g07_07": {
				"attachment": [
					{ "time": 0, "name": "g07_07" }
				]
			},
			"g07_9": {
				"attachment": [
					{ "time": 0, "name": null }
				]
			},
			"youteng": {
				"attachment": [
					{ "time": 0, "name": null }
				]
			},
			"zhongteng": {
				"attachment": [
					{ "time": 0, "name": null }
				]
			},
			"zuoteng": {
				"attachment": [
					{ "time": 0, "name": null }
				]
			}
		}
	},
	"xg_srh_lvr2": {
		"slots": {
			"g07_06": {
				"attachment": [
					{ "time": 0, "name": null }
				]
			},
			"g07_6": {
				"attachment": [
					{ "time": 0, "name": null }
				]
			},
			"g07_07": {
				"attachment": [
					{ "time": 0, "name": "g07_08" }
				]
			},
			"g07_9": {
				"attachment": [
					{ "time": 0, "name": null }
				]
			},
			"youteng": {
				"attachment": [
					{ "time": 0, "name": null }
				]
			},
			"zhongteng": {
				"attachment": [
					{ "time": 0, "name": null }
				]
			},
			"zuoteng": {
				"attachment": [
					{ "time": 0, "name": null }
				]
			}
		}
	}
}
}