{
"skeleton": { "hash": "97VA2s78uJfLg/1HdygEkuPEt98", "spine": "3.6.52", "width": 612, "height": 600, "images": "./res/" },
"bones": [
	{ "name": "root" },
	{ "name": "lingjian", "parent": "root", "x": 5.93, "y": -45.34 },
	{ "name": "bone2", "parent": "lingjian" },
	{ "name": "bone3", "parent": "lingjian", "rotation": -30.56, "scaleX": 0.807, "scaleY": 0.807 },
	{ "name": "bone4", "parent": "lingjian", "rotation": 54.19, "scaleX": 0.733, "scaleY": 0.733 },
	{ "name": "boom_q", "parent": "root", "scaleX": 2, "scaleY": 2 },
	{ "name": "xbj", "parent": "root" }
],
"slots": [
	{ "name": "bg_m", "bone": "bone2", "attachment": "g09_02" },
	{ "name": "szz", "bone": "bone3" },
	{ "name": "szzz", "bone": "bone4", "attachment": "g07_5" },
	{ "name": "bd_0001", "bone": "boom_q", "attachment": "bj_0008" },
	{ "name": "bj_01", "bone": "xbj", "attachment": "bj_10" }
],
"skins": {
	"default": {
		"bd_0001": {
			"bj_0001": { "width": 306, "height": 300 },
			"bj_0002": { "width": 306, "height": 300 },
			"bj_0003": { "width": 306, "height": 300 },
			"bj_0004": { "width": 306, "height": 300 },
			"bj_0005": { "width": 306, "height": 300 },
			"bj_0006": { "width": 306, "height": 300 },
			"bj_0007": { "width": 306, "height": 300 },
			"bj_0008": { "width": 306, "height": 300 },
			"bj_0009": { "width": 306, "height": 300 },
			"bj_0010": { "width": 306, "height": 300 },
			"bj_0011": { "width": 306, "height": 300 }
		},
		"bg_m": {
			"g07_04": { "width": 38, "height": 49 },
			"g09_02": { "width": 44, "height": 43 },
			"qqq11": { "width": 25, "height": 25 }
		},
		"bj_01": {
			"bj_01": { "width": 319, "height": 212 },
			"bj_02": { "width": 319, "height": 212 },
			"bj_03": { "width": 319, "height": 212 },
			"bj_04": { "width": 319, "height": 212 },
			"bj_05": { "width": 319, "height": 212 },
			"bj_06": { "width": 319, "height": 212 },
			"bj_07": { "width": 319, "height": 212 },
			"bj_08": { "width": 319, "height": 212 },
			"bj_09": { "width": 319, "height": 212 },
			"bj_10": { "width": 319, "height": 212 }
		},
		"szz": {
			"g07_4": { "path": "g07_04", "width": 38, "height": 49 },
			"g10_04": { "scaleX": 1.24, "scaleY": 1.24, "rotation": 30.56, "width": 33, "height": 40 }
		},
		"szzz": {
			"g07_5": { "path": "g07_04", "width": 38, "height": 49 }
		}
	}
},
"animations": {
	"boom_cargbl": {
		"slots": {
			"bd_0001": {
				"attachment": [
					{ "time": 0, "name": null },
					{ "time": 1.2333, "name": null }
				]
			},
			"bg_m": {
				"attachment": [
					{ "time": 0, "name": null },
					{ "time": 1.2333, "name": null }
				]
			},
			"bj_01": {
				"color": [
					{ "time": 0, "color": "ffe000ff", "curve": "stepped" },
					{ "time": 1.2333, "color": "ffe000ff" }
				],
				"attachment": [
					{ "time": 0, "name": "bj_01" },
					{ "time": 0.1, "name": "bj_02" },
					{ "time": 0.2, "name": "bj_03" },
					{ "time": 0.3, "name": "bj_04" },
					{ "time": 0.4333, "name": "bj_05" },
					{ "time": 0.5667, "name": "bj_06" },
					{ "time": 0.7, "name": "bj_07" },
					{ "time": 0.8333, "name": "bj_08" },
					{ "time": 0.9667, "name": "bj_09" },
					{ "time": 1.1, "name": "bj_10" },
					{ "time": 1.2333, "name": null }
				]
			},
			"szz": {
				"attachment": [
					{ "time": 0, "name": null },
					{ "time": 1.2333, "name": null }
				]
			},
			"szzz": {
				"attachment": [
					{ "time": 0, "name": null },
					{ "time": 1.2333, "name": null }
				]
			}
		}
	},
	"boom_fxjbgbl": {
		"slots": {
			"bd_0001": {
				"color": [
					{ "time": 0, "color": "0081ffff", "curve": "stepped" },
					{ "time": 0.7, "color": "0081ffff" }
				],
				"attachment": [
					{ "time": 0, "name": "bj_0001" },
					{ "time": 0.0667, "name": "bj_0002" },
					{ "time": 0.1333, "name": "bj_0003" },
					{ "time": 0.2, "name": "bj_0004" },
					{ "time": 0.2667, "name": "bj_0005" },
					{ "time": 0.3333, "name": "bj_0006" },
					{ "time": 0.4, "name": "bj_0007" },
					{ "time": 0.4667, "name": "bj_0008" },
					{ "time": 0.5333, "name": "bj_0009" },
					{ "time": 0.6, "name": "bj_0010" },
					{ "time": 0.6667, "name": null },
					{ "time": 0.7, "name": null }
				]
			},
			"bg_m": {
				"attachment": [
					{ "time": 0, "name": null },
					{ "time": 0.7, "name": null }
				]
			},
			"bj_01": {
				"attachment": [
					{ "time": 0, "name": null },
					{ "time": 0.7, "name": null }
				]
			},
			"szz": {
				"attachment": [
					{ "time": 0, "name": null },
					{ "time": 0.7, "name": null }
				]
			},
			"szzz": {
				"attachment": [
					{ "time": 0, "name": null },
					{ "time": 0.7, "name": null }
				]
			}
		},
		"bones": {
			"lingjian": {
				"translate": [
					{ "time": 0, "x": -5.93, "y": 174.01, "curve": "stepped" },
					{ "time": 0.7, "x": -5.93, "y": 174.01 }
				]
			}
		}
	},
	"boom_fxzdgbl": {
		"slots": {
			"bd_0001": {
				"color": [
					{ "time": 0, "color": "ffeb00ff", "curve": "stepped" },
					{ "time": 0.7, "color": "ffeb00ff" }
				],
				"attachment": [
					{ "time": 0, "name": "bj_0001" },
					{ "time": 0.0667, "name": "bj_0002" },
					{ "time": 0.1333, "name": "bj_0003" },
					{ "time": 0.2, "name": "bj_0004" },
					{ "time": 0.2667, "name": "bj_0005" },
					{ "time": 0.3333, "name": "bj_0006" },
					{ "time": 0.4, "name": "bj_0007" },
					{ "time": 0.4667, "name": "bj_0008" },
					{ "time": 0.5333, "name": "bj_0009" },
					{ "time": 0.6, "name": "bj_0010" },
					{ "time": 0.6667, "name": null },
					{ "time": 0.7, "name": null }
				]
			},
			"bg_m": {
				"attachment": [
					{ "time": 0, "name": null },
					{ "time": 0.7, "name": null }
				]
			},
			"bj_01": {
				"attachment": [
					{ "time": 0, "name": null },
					{ "time": 0.7, "name": null }
				]
			},
			"szz": {
				"attachment": [
					{ "time": 0, "name": null },
					{ "time": 0.7, "name": null }
				]
			},
			"szzz": {
				"attachment": [
					{ "time": 0, "name": null },
					{ "time": 0.7, "name": null }
				]
			}
		},
		"bones": {
			"lingjian": {
				"translate": [
					{ "time": 0, "x": -5.93, "y": 174.01, "curve": "stepped" },
					{ "time": 0.7, "x": -5.93, "y": 174.01 }
				]
			}
		}
	},
	"boom_hjpgbl": {
		"slots": {
			"bd_0001": {
				"color": [
					{ "time": 0, "color": "ff7f00ff", "curve": "stepped" },
					{ "time": 0.7, "color": "ff7f00ff" }
				],
				"attachment": [
					{ "time": 0, "name": "bj_0001" },
					{ "time": 0.0667, "name": "bj_0002" },
					{ "time": 0.1333, "name": "bj_0003" },
					{ "time": 0.2, "name": "bj_0004" },
					{ "time": 0.2667, "name": "bj_0005" },
					{ "time": 0.3333, "name": "bj_0006" },
					{ "time": 0.4, "name": "bj_0007" },
					{ "time": 0.4667, "name": "bj_0008" },
					{ "time": 0.5333, "name": "bj_0009" },
					{ "time": 0.6, "name": "bj_0010" },
					{ "time": 0.6667, "name": null },
					{ "time": 0.7, "name": null }
				]
			},
			"bg_m": {
				"attachment": [
					{ "time": 0, "name": null },
					{ "time": 0.7, "name": null }
				]
			},
			"bj_01": {
				"attachment": [
					{ "time": 0, "name": null },
					{ "time": 0.7, "name": null }
				]
			},
			"szz": {
				"attachment": [
					{ "time": 0, "name": null },
					{ "time": 0.7, "name": null }
				]
			},
			"szzz": {
				"attachment": [
					{ "time": 0, "name": null },
					{ "time": 0.7, "name": null }
				]
			}
		},
		"bones": {
			"lingjian": {
				"translate": [
					{ "time": 0, "x": -5.93, "y": 174.01, "curve": "stepped" },
					{ "time": 0.7, "x": -5.93, "y": 174.01 }
				]
			}
		}
	},
	"boom_jbgbl": {
		"slots": {
			"bd_0001": {
				"attachment": [
					{ "time": 0, "name": null },
					{ "time": 1.2333, "name": null }
				]
			},
			"bg_m": {
				"color": [
					{ "time": 0, "color": "ffffffff", "curve": "stepped" },
					{ "time": 0.3667, "color": "ffffffff" },
					{ "time": 0.5, "color": "ffffff00", "curve": "stepped" },
					{ "time": 1.2333, "color": "ffffff00" }
				],
				"attachment": [
					{ "time": 0, "name": "qqq11" },
					{ "time": 1.2333, "name": "qqq11" }
				]
			},
			"bj_01": {
				"color": [
					{ "time": 0, "color": "ff00a7ff", "curve": "stepped" },
					{ "time": 1.2333, "color": "ff00a7ff" }
				],
				"attachment": [
					{ "time": 0, "name": "bj_01" },
					{ "time": 0.1, "name": "bj_02" },
					{ "time": 0.2, "name": "bj_03" },
					{ "time": 0.3, "name": "bj_04" },
					{ "time": 0.4333, "name": "bj_05" },
					{ "time": 0.5667, "name": "bj_06" },
					{ "time": 0.7, "name": "bj_07" },
					{ "time": 0.8333, "name": "bj_08" },
					{ "time": 0.9667, "name": "bj_09" },
					{ "time": 1.1, "name": "bj_10" },
					{ "time": 1.2333, "name": null }
				]
			},
			"szz": {
				"color": [
					{ "time": 0, "color": "ffffffff", "curve": "stepped" },
					{ "time": 0.3333, "color": "ffffffff" },
					{ "time": 0.5, "color": "ffffff00", "curve": "stepped" },
					{ "time": 1.2333, "color": "ffffff00" }
				],
				"attachment": [
					{ "time": 0, "name": "g10_04" },
					{ "time": 1.2333, "name": "g10_04" }
				]
			},
			"szzz": {
				"color": [
					{ "time": 0, "color": "ffffff00", "curve": "stepped" },
					{ "time": 0.2, "color": "ffffff00" },
					{ "time": 0.2333, "color": "ffffffff", "curve": "stepped" },
					{ "time": 0.7333, "color": "ffffffff" },
					{ "time": 0.8667, "color": "ffffff00", "curve": "stepped" },
					{ "time": 1.2333, "color": "ffffff00" }
				],
				"attachment": [
					{ "time": 0, "name": null },
					{ "time": 1.2333, "name": null }
				]
			}
		},
		"bones": {
			"bone2": {
				"rotate": [
					{ "time": 0, "angle": 0 },
					{ "time": 0.2, "angle": 180 },
					{ "time": 0.3667, "angle": 270 },
					{ "time": 0.4667, "angle": 360, "curve": "stepped" },
					{ "time": 1.2333, "angle": 360 }
				],
				"translate": [
					{ "time": 0, "x": 0, "y": 0 },
					{ "time": 0.2, "x": -158.82, "y": 160.06 },
					{ "time": 0.4667, "x": -253.42, "y": 0, "curve": "stepped" },
					{ "time": 1.2333, "x": -253.42, "y": 0 }
				]
			},
			"bone3": {
				"rotate": [
					{ "time": 0, "angle": 0 },
					{ "time": 0.2, "angle": -180 },
					{ "time": 0.3, "angle": -270 },
					{ "time": 0.4, "angle": -360 },
					{ "time": 0.5, "angle": -520 },
					{ "time": 0.9, "angle": -160, "curve": "stepped" },
					{ "time": 1.2333, "angle": -160 }
				],
				"translate": [
					{ "time": 0, "x": 0, "y": 0 },
					{ "time": 0.3, "x": 96.82, "y": 177.1 },
					{ "time": 0.4, "x": 152.4, "y": 101.94 },
					{ "time": 0.5, "x": 181.54, "y": 0, "curve": "stepped" },
					{ "time": 1.2333, "x": 181.54, "y": 0 }
				]
			},
			"bone4": {
				"rotate": [
					{ "time": 0, "angle": 0, "curve": "stepped" },
					{ "time": 0.2, "angle": 0 },
					{ "time": 0.2667, "angle": -180 },
					{ "time": 0.5, "angle": -270 },
					{ "time": 0.6667, "angle": -360 },
					{ "time": 0.8667, "angle": -480, "curve": "stepped" },
					{ "time": 1.2333, "angle": -480 }
				],
				"translate": [
					{ "time": 0, "x": 0, "y": 0, "curve": "stepped" },
					{ "time": 0.2, "x": 0, "y": 0 },
					{ "time": 0.3333, "x": 43.9, "y": 166.8 },
					{ "time": 0.6, "x": 102.18, "y": 99.1 },
					{ "time": 0.8667, "x": 141.53, "y": -11.86, "curve": "stepped" },
					{ "time": 1.2333, "x": 141.53, "y": -11.86 }
				]
			}
		}
	},
	"boom_jzgbl": {
		"slots": {
			"bd_0001": {
				"color": [
					{ "time": 0, "color": "ff1be7ff", "curve": "stepped" },
					{ "time": 0.7, "color": "ff1be7ff" }
				],
				"attachment": [
					{ "time": 0, "name": "bj_0001" },
					{ "time": 0.0667, "name": "bj_0002" },
					{ "time": 0.1333, "name": "bj_0003" },
					{ "time": 0.2, "name": "bj_0004" },
					{ "time": 0.2667, "name": "bj_0005" },
					{ "time": 0.3333, "name": "bj_0006" },
					{ "time": 0.4, "name": "bj_0007" },
					{ "time": 0.4667, "name": "bj_0008" },
					{ "time": 0.5333, "name": "bj_0009" },
					{ "time": 0.6, "name": "bj_0010" },
					{ "time": 0.6667, "name": null },
					{ "time": 0.7, "name": null }
				]
			},
			"bg_m": {
				"color": [
					{ "time": 0, "color": "ffffffff", "curve": "stepped" },
					{ "time": 0.3667, "color": "ffffffff" },
					{ "time": 0.5667, "color": "ffffff00", "curve": "stepped" },
					{ "time": 0.7, "color": "ffffff00" }
				],
				"attachment": [
					{ "time": 0, "name": "g07_04" },
					{ "time": 0.7, "name": "g07_04" }
				]
			},
			"bj_01": {
				"attachment": [
					{ "time": 0, "name": null },
					{ "time": 0.7, "name": null }
				]
			},
			"szz": {
				"color": [
					{ "time": 0, "color": "ffffffff", "curve": "stepped" },
					{ "time": 0.3333, "color": "ffffffff" },
					{ "time": 0.5333, "color": "ffffff00", "curve": "stepped" },
					{ "time": 0.7, "color": "ffffff00" }
				],
				"attachment": [
					{ "time": 0, "name": "g07_4" },
					{ "time": 0.7, "name": "g07_4" }
				]
			},
			"szzz": {
				"color": [
					{ "time": 0, "color": "ffffff00", "curve": "stepped" },
					{ "time": 0.0667, "color": "ffffff00" },
					{ "time": 0.1, "color": "ffffffff", "curve": "stepped" },
					{ "time": 0.5333, "color": "ffffffff" },
					{ "time": 0.6667, "color": "ffffff00" }
				],
				"attachment": [
					{ "time": 0, "name": "g07_5" },
					{ "time": 0.7, "name": "g07_5" }
				]
			}
		},
		"bones": {
			"bone2": {
				"rotate": [
					{ "time": 0, "angle": 0 },
					{ "time": 0.1667, "angle": 180 },
					{ "time": 0.3667, "angle": 270 },
					{ "time": 0.5, "angle": 360, "curve": "stepped" },
					{ "time": 0.7, "angle": 360 }
				],
				"translate": [
					{ "time": 0, "x": 0, "y": 0 },
					{ "time": 0.1667, "x": -158.82, "y": 160.06 },
					{ "time": 0.5, "x": -253.42, "y": 0, "curve": "stepped" },
					{ "time": 0.7, "x": -253.42, "y": 0 }
				]
			},
			"bone3": {
				"rotate": [
					{ "time": 0, "angle": 0 },
					{ "time": 0.1333, "angle": -180 },
					{ "time": 0.2667, "angle": -270 },
					{ "time": 0.4, "angle": -360 },
					{ "time": 0.5, "angle": -520 },
					{ "time": 0.7, "angle": -160 }
				],
				"translate": [
					{ "time": 0, "x": 0, "y": 0 },
					{ "time": 0.5, "x": 119.13, "y": -133.74 },
					{ "time": 0.7, "x": 192.69, "y": -220.67 }
				]
			},
			"bone4": {
				"rotate": [
					{ "time": 0, "angle": 0, "curve": "stepped" },
					{ "time": 0.0667, "angle": 0 },
					{ "time": 0.1333, "angle": -180 },
					{ "time": 0.3, "angle": -270 },
					{ "time": 0.4333, "angle": -360 },
					{ "time": 0.6333, "angle": -480, "curve": "stepped" },
					{ "time": 0.7, "angle": -480 }
				],
				"translate": [
					{ "time": 0, "x": 0, "y": 0, "curve": "stepped" },
					{ "time": 0.0667, "x": 0, "y": 0 },
					{ "time": 0.2, "x": 43.9, "y": 166.8 },
					{ "time": 0.4, "x": 102.18, "y": 99.1 },
					{ "time": 0.5333, "x": 143.68, "y": 8.87 },
					{ "time": 0.7, "x": 158.87, "y": -40.22 }
				]
			},
			"lingjian": {
				"translate": [
					{ "time": 0, "x": -5.93, "y": 49.58, "curve": "stepped" },
					{ "time": 0.7, "x": -5.93, "y": 49.58 }
				]
			}
		}
	},
	"boom_plagbl": {
		"slots": {
			"bd_0001": {
				"color": [
					{ "time": 0, "color": "0042ffff", "curve": "stepped" },
					{ "time": 0.7, "color": "0042ffff" }
				],
				"attachment": [
					{ "time": 0, "name": "bj_0001" },
					{ "time": 0.0667, "name": "bj_0002" },
					{ "time": 0.1333, "name": "bj_0003" },
					{ "time": 0.2, "name": "bj_0004" },
					{ "time": 0.2667, "name": "bj_0005" },
					{ "time": 0.3333, "name": "bj_0006" },
					{ "time": 0.4, "name": "bj_0007" },
					{ "time": 0.4667, "name": "bj_0008" },
					{ "time": 0.5333, "name": "bj_0009" },
					{ "time": 0.6, "name": "bj_0010" },
					{ "time": 0.6667, "name": null },
					{ "time": 0.7, "name": null }
				]
			},
			"bg_m": {
				"attachment": [
					{ "time": 0, "name": null },
					{ "time": 0.7, "name": null }
				]
			},
			"bj_01": {
				"attachment": [
					{ "time": 0, "name": null },
					{ "time": 0.7, "name": null }
				]
			},
			"szz": {
				"attachment": [
					{ "time": 0, "name": null },
					{ "time": 0.7, "name": null }
				]
			},
			"szzz": {
				"attachment": [
					{ "time": 0, "name": null },
					{ "time": 0.7, "name": null }
				]
			}
		}
	},
	"boom_slm": {
		"slots": {
			"bd_0001": {
				"attachment": [
					{ "time": 0, "name": null },
					{ "time": 0.7, "name": null }
				]
			},
			"bg_m": {
				"attachment": [
					{ "time": 0, "name": null },
					{ "time": 0.7, "name": null }
				]
			},
			"bj_01": {
				"color": [
					{ "time": 0, "color": "ff00faff", "curve": "stepped" },
					{ "time": 1.2333, "color": "ff00faff" }
				],
				"attachment": [
					{ "time": 0, "name": "bj_01" },
					{ "time": 0.1, "name": "bj_02" },
					{ "time": 0.2, "name": "bj_03" },
					{ "time": 0.3, "name": "bj_04" },
					{ "time": 0.4333, "name": "bj_05" },
					{ "time": 0.5667, "name": "bj_06" },
					{ "time": 0.7, "name": "bj_07" },
					{ "time": 0.8333, "name": "bj_08" },
					{ "time": 0.9667, "name": "bj_09" },
					{ "time": 1.1, "name": "bj_10" },
					{ "time": 1.2333, "name": null }
				]
			},
			"szz": {
				"attachment": [
					{ "time": 0, "name": null },
					{ "time": 0.7, "name": null }
				]
			},
			"szzz": {
				"attachment": [
					{ "time": 0, "name": null },
					{ "time": 0.7, "name": null }
				]
			}
		}
	},
	"boom_spz": {
		"slots": {
			"bd_0001": {
				"color": [
					{ "time": 0, "color": "ff7400ff", "curve": "stepped" },
					{ "time": 1, "color": "ff7400ff" }
				],
				"attachment": [
					{ "time": 0, "name": "bj_0001" },
					{ "time": 0.0667, "name": "bj_0002" },
					{ "time": 0.1333, "name": "bj_0003" },
					{ "time": 0.2, "name": "bj_0004" },
					{ "time": 0.2667, "name": "bj_0005" },
					{ "time": 0.3333, "name": "bj_0006" },
					{ "time": 0.4, "name": "bj_0007" },
					{ "time": 0.4667, "name": "bj_0008" },
					{ "time": 0.5333, "name": "bj_0009" },
					{ "time": 0.6, "name": "bj_0010" },
					{ "time": 0.6667, "name": "bj_0011" },
					{ "time": 0.7333, "name": null },
					{ "time": 1, "name": null }
				]
			},
			"bg_m": {
				"attachment": [
					{ "time": 0, "name": null },
					{ "time": 1, "name": null }
				]
			},
			"bj_01": {
				"attachment": [
					{ "time": 0, "name": null },
					{ "time": 1, "name": null }
				]
			},
			"szz": {
				"attachment": [
					{ "time": 0, "name": null },
					{ "time": 1, "name": null }
				]
			},
			"szzz": {
				"attachment": [
					{ "time": 0, "name": null },
					{ "time": 1, "name": null }
				]
			}
		}
	},
	"boom_ttjgbl": {
		"slots": {
			"bd_0001": {
				"color": [
					{ "time": 0, "color": "f247ffff", "curve": "stepped" },
					{ "time": 0.7, "color": "f247ffff" }
				],
				"attachment": [
					{ "time": 0, "name": "bj_0001" },
					{ "time": 0.0667, "name": "bj_0002" },
					{ "time": 0.1333, "name": "bj_0003" },
					{ "time": 0.2, "name": "bj_0004" },
					{ "time": 0.2667, "name": "bj_0005" },
					{ "time": 0.3333, "name": "bj_0006" },
					{ "time": 0.4, "name": "bj_0007" },
					{ "time": 0.4667, "name": "bj_0008" },
					{ "time": 0.5333, "name": "bj_0009" },
					{ "time": 0.6, "name": "bj_0010" },
					{ "time": 0.6667, "name": null },
					{ "time": 0.7, "name": null }
				]
			},
			"bg_m": {
				"attachment": [
					{ "time": 0, "name": null },
					{ "time": 0.7, "name": null }
				]
			},
			"bj_01": {
				"attachment": [
					{ "time": 0, "name": null },
					{ "time": 0.7, "name": null }
				]
			},
			"szz": {
				"attachment": [
					{ "time": 0, "name": null },
					{ "time": 0.7, "name": null }
				]
			},
			"szzz": {
				"attachment": [
					{ "time": 0, "name": null },
					{ "time": 0.7, "name": null }
				]
			}
		}
	},
	"boom_zdgbl": {
		"slots": {
			"bd_0001": {
				"attachment": [
					{ "time": 0, "name": null },
					{ "time": 0.7, "name": null }
				]
			},
			"bg_m": {
				"color": [
					{ "time": 0, "color": "ffffffff", "curve": "stepped" },
					{ "time": 0.3667, "color": "ffffffff" },
					{ "time": 0.5667, "color": "ffffff00", "curve": "stepped" },
					{ "time": 0.7, "color": "ffffff00" }
				],
				"attachment": [
					{ "time": 0, "name": "g09_02" },
					{ "time": 0.7, "name": "g09_02" }
				]
			},
			"bj_01": {
				"color": [
					{ "time": 0, "color": "8dff00ff", "curve": "stepped" },
					{ "time": 1.2333, "color": "8dff00ff" }
				],
				"attachment": [
					{ "time": 0, "name": "bj_01" },
					{ "time": 0.1, "name": "bj_02" },
					{ "time": 0.2, "name": "bj_03" },
					{ "time": 0.3, "name": "bj_04" },
					{ "time": 0.4333, "name": "bj_05" },
					{ "time": 0.5667, "name": "bj_06" },
					{ "time": 0.7, "name": "bj_07" },
					{ "time": 0.8333, "name": "bj_08" },
					{ "time": 0.9667, "name": "bj_09" },
					{ "time": 1.1, "name": "bj_10" },
					{ "time": 1.2333, "name": null }
				]
			},
			"szz": {
				"color": [
					{ "time": 0, "color": "ffffffff", "curve": "stepped" },
					{ "time": 0.3333, "color": "ffffffff" },
					{ "time": 0.5333, "color": "ffffff00", "curve": "stepped" },
					{ "time": 0.7, "color": "ffffff00" }
				]
			},
			"szzz": {
				"attachment": [
					{ "time": 0, "name": null },
					{ "time": 0.7, "name": null }
				]
			}
		},
		"bones": {
			"bone2": {
				"rotate": [
					{ "time": 0, "angle": 0 },
					{ "time": 0.1667, "angle": 180 },
					{ "time": 0.3667, "angle": 270 },
					{ "time": 0.5, "angle": 360, "curve": "stepped" },
					{ "time": 0.7, "angle": 360 }
				],
				"translate": [
					{ "time": 0, "x": 0, "y": 0 },
					{ "time": 0.1667, "x": -158.82, "y": 160.06 },
					{ "time": 0.5, "x": -253.42, "y": 0, "curve": "stepped" },
					{ "time": 0.7, "x": -253.42, "y": 0 }
				]
			},
			"bone3": {
				"rotate": [
					{ "time": 0, "angle": 0 },
					{ "time": 0.1333, "angle": -180 },
					{ "time": 0.2667, "angle": -270 },
					{ "time": 0.4, "angle": -360 },
					{ "time": 0.5, "angle": -520 },
					{ "time": 0.7, "angle": -160 }
				],
				"translate": [
					{ "time": 0, "x": 0, "y": 0 },
					{ "time": 0.2667, "x": 96.82, "y": 177.1 },
					{ "time": 0.3667, "x": 152.4, "y": 101.94 },
					{ "time": 0.5, "x": 181.54, "y": 0, "curve": "stepped" },
					{ "time": 0.7, "x": 181.54, "y": 0 }
				]
			}
		}
	}
}
}