{
"skeleton": { "hash": "1ixNBo0UQIWYXBOv1l3ruih2Z/M", "spine": "2.1.27", "width": 408, "height": 436.29, "images": "./res/" },
"bones": [
	{ "name": "root" },
	{ "name": "boom", "parent": "root", "x": -6.99, "y": 37.99, "scaleX": 2, "scaleY": 2 },
	{ "name": "ding", "parent": "root" },
	{ "name": "ding2", "parent": "root" },
	{ "name": "ding3", "parent": "root" },
	{ "name": "ljr", "parent": "root", "x": 21.42, "y": -140.18 },
	{ "name": "shufu", "parent": "root", "x": -69.27, "y": -126.14 },
	{ "name": "sl", "parent": "root", "x": -144.59, "y": -160.79 },
	{ "name": "sl2", "parent": "root", "x": -172.09, "y": -146.97 },
	{ "name": "sl3", "parent": "root", "x": 106.79, "y": -130.79, "rotation": 37.53 },
	{ "name": "sl4", "parent": "root", "x": 50.78, "y": -172.36, "rotation": 37.53 },
	{ "name": "bone", "parent": "boom", "x": 3.49, "y": -18.99 },
	{ "name": "bone10", "parent": "ljr", "x": 41.65, "y": 215.73 },
	{ "name": "bone11", "parent": "ljr", "x": -80.1, "y": 190.1 },
	{ "name": "bone13", "parent": "ljr", "length": 90, "x": 10.61, "y": 106, "rotation": 97.34 },
	{ "name": "bone2", "parent": "boom", "x": 3.49, "y": -18.99 },
	{ "name": "bone3", "parent": "boom", "x": 3.49, "y": -18.99, "rotation": 29.5 },
	{ "name": "bone4", "parent": "boom", "x": 3.49, "y": -18.99, "scaleX": 1.486, "scaleY": 1.215 },
	{ "name": "bone9", "parent": "ljr" },
	{ "name": "boom2", "parent": "boom" },
	{ "name": "sl5", "parent": "sl4", "x": 40.13, "y": 122.19, "rotation": -6.65 },
	{ "name": "bone5", "parent": "boom2", "x": 3.49, "y": -18.99, "scaleX": 0.618, "scaleY": 0.609 },
	{ "name": "bone6", "parent": "boom2", "x": 3.49, "y": -18.99, "scaleX": 0.5, "scaleY": 0.5 },
	{ "name": "bone7", "parent": "boom2", "x": 3.49, "y": -18.99 },
	{ "name": "bone8", "parent": "boom2", "x": 3.49, "y": -18.99 },
	{ "name": "penqi", "parent": "bone9", "x": 14.89, "y": 237.36 },
	{ "name": "penqi2", "parent": "bone9", "x": -15.01, "y": 227.75, "scaleX": -1.125, "rotation": 13.55 }
],
"slots": [
	{ "name": "ding3", "bone": "ding3", "attachment": "ding" },
	{ "name": "sl3", "bone": "sl3", "attachment": "sl" },
	{ "name": "sl2", "bone": "sl2", "attachment": "sl" },
	{ "name": "ct", "bone": "shufu", "attachment": "shufu" },
	{ "name": "sl", "bone": "sl", "attachment": "sl" },
	{ "name": "sl4", "bone": "sl4", "attachment": "sl" },
	{ "name": "sl5", "bone": "sl5", "attachment": "sl" },
	{ "name": "ljr_b01", "bone": "bone10", "attachment": "ljr_b01" },
	{ "name": "ljr_body2", "bone": "bone13", "attachment": "ljr_body" },
	{ "name": "ljr_t", "bone": "bone9", "attachment": "ljr_t" },
	{ "name": "ljr_b02", "bone": "bone11", "attachment": "ljr_b02" },
	{ "name": "yan", "bone": "penqi", "attachment": "yan" },
	{ "name": "yan2", "bone": "penqi2", "attachment": "yan" },
	{ "name": "boom_0001", "bone": "boom", "attachment": "boom_0004" },
	{ "name": "tie", "bone": "bone4", "attachment": "_sl_01" },
	{ "name": "tie2", "bone": "bone8", "attachment": "_sl_01" },
	{ "name": "2", "bone": "bone", "attachment": "sl" },
	{ "name": "4", "bone": "bone5", "attachment": "sl" },
	{ "name": "3", "bone": "bone2", "attachment": "sl_" },
	{ "name": "ban01", "bone": "bone3", "attachment": "_sl_01" },
	{ "name": "ban1", "bone": "bone7", "attachment": "_sl_01" },
	{ "name": "5", "bone": "bone6", "attachment": "sl_" },
	{ "name": "boom_1", "bone": "boom2", "attachment": "boom_0004" },
	{ "name": "ding", "bone": "ding", "attachment": "ding" },
	{ "name": "ding2", "bone": "ding2", "attachment": "ding" }
],
"skins": {
	"default": {
		"2": {
			"sl": { "scaleX": 0.484, "scaleY": 0.456, "width": 23, "height": 144 }
		},
		"3": {
			"sl_": { "scaleX": 0.5, "scaleY": 0.5, "width": 23, "height": 55 }
		},
		"4": {
			"sl": { "scaleX": 0.68, "scaleY": 0.54, "width": 23, "height": 144 }
		},
		"5": {
			"sl_": { "width": 23, "height": 55 }
		},
		"ban01": {
			"_sl_01": { "scaleX": 0.3, "scaleY": 0.3, "rotation": -29.5, "width": 23, "height": 43 }
		},
		"ban1": {
			"_sl_01": { "scaleX": 0.5, "scaleY": 0.5, "width": 23, "height": 43 }
		},
		"boom_0001": {
			"boom_0001": { "width": 204, "height": 213 },
			"boom_0002": { "width": 204, "height": 213 },
			"boom_0003": { "width": 204, "height": 213 },
			"boom_0004": { "width": 204, "height": 213 },
			"boom_0005": { "width": 204, "height": 213 },
			"boom_0006": { "width": 204, "height": 213 },
			"boom_0007": { "width": 204, "height": 213 }
		},
		"boom_1": {
			"boom_0001": { "width": 204, "height": 213 },
			"boom_0002": { "width": 204, "height": 213 },
			"boom_0003": { "width": 204, "height": 213 },
			"boom_0004": { "width": 204, "height": 213 },
			"boom_0005": { "width": 204, "height": 213 },
			"boom_0006": { "width": 204, "height": 213 },
			"boom_0007": { "width": 204, "height": 213 }
		},
		"ct": {
			"shufu": { "x": 41.36, "y": 114.77, "width": 265, "height": 251 }
		},
		"ding": {
			"ding": { "x": -140.98, "y": -164.84, "width": 21, "height": 25 }
		},
		"ding2": {
			"ding": { "x": 46.27, "y": -172.79, "width": 21, "height": 25 }
		},
		"ding3": {
			"ding": { "x": -172.79, "y": -146.04, "width": 21, "height": 25 }
		},
		"ljr_b01": {
			"ljr_b01": { "x": -12.92, "y": 48.71, "width": 135, "height": 119 }
		},
		"ljr_b02": {
			"ljr_b02": { "x": -19.28, "y": 55.8, "width": 108, "height": 149 }
		},
		"ljr_body2": {
			"ljr_body": { "x": 38.91, "y": 5.68, "rotation": -97.34, "width": 255, "height": 297 }
		},
		"ljr_t": {
			"ljr_t": { "x": -18.07, "y": 240.28, "width": 114, "height": 109 }
		},
		"sl": {
			"sl": { "x": 28.56, "y": 63.19, "rotation": -22.68, "width": 23, "height": 144 }
		},
		"sl2": {
			"sl": { "x": 24.49, "y": 65.38, "scaleX": -0.87, "rotation": -22.68, "width": 23, "height": 144 }
		},
		"sl3": {
			"sl": { "x": 16.81, "y": 68.45, "scaleX": 1.001, "rotation": -13.32, "width": 23, "height": 144 }
		},
		"sl4": {
			"sl": { "x": 19.92, "y": 67.58, "scaleX": -0.973, "rotation": -18.13, "width": 23, "height": 144 }
		},
		"sl5": {
			"sl": { "x": 1.34, "y": 0.71, "scaleX": -0.973, "rotation": -18.13, "width": 23, "height": 144 }
		},
		"tie": {
			"_sl_01": { "scaleX": -0.2, "scaleY": 0.4, "width": 23, "height": 43 }
		},
		"tie2": {
			"_sl_01": { "scaleX": 0.5, "scaleY": 0.5, "width": 23, "height": 43 }
		},
		"yan": {
			"yan": { "width": 29, "height": 29 }
		},
		"yan2": {
			"yan": { "width": 29, "height": 29 }
		}
	}
},
"animations": {
	"lz_boom": {
		"slots": {
			"2": {
				"color": [
					{ "time": 0, "color": "ffffff00", "curve": "stepped" },
					{ "time": 0.5, "color": "ffffff00" },
					{ "time": 0.5333, "color": "ffffffff", "curve": "stepped" },
					{ "time": 1.8666, "color": "ffffffff" },
					{ "time": 2, "color": "ffffff00" }
				]
			},
			"3": {
				"color": [
					{ "time": 0, "color": "ffffff00", "curve": "stepped" },
					{ "time": 0.4, "color": "ffffff00" },
					{ "time": 0.4333, "color": "ffffffff", "curve": "stepped" },
					{ "time": 1.8666, "color": "ffffffff" },
					{ "time": 2, "color": "ffffff00" }
				]
			},
			"4": {
				"color": [
					{ "time": 0, "color": "ffffff00", "curve": "stepped" },
					{ "time": 0.4666, "color": "ffffff00" },
					{ "time": 0.5, "color": "ffffffff", "curve": "stepped" },
					{ "time": 1.0333, "color": "ffffffff" },
					{ "time": 2, "color": "ffffff00" }
				]
			},
			"5": {
				"color": [
					{ "time": 0, "color": "ffffff00", "curve": "stepped" },
					{ "time": 0.5333, "color": "ffffff00" },
					{ "time": 0.6, "color": "ffffffff", "curve": "stepped" },
					{ "time": 1.8666, "color": "ffffffff" },
					{ "time": 2, "color": "ffffff00" }
				]
			},
			"ban01": {
				"color": [
					{ "time": 0, "color": "ffffff00", "curve": "stepped" },
					{ "time": 0.4, "color": "ffffff00" },
					{ "time": 0.4666, "color": "ffffffff", "curve": "stepped" },
					{ "time": 1.8666, "color": "ffffffff" },
					{ "time": 2, "color": "ffffff00" }
				]
			},
			"ban1": {
				"color": [
					{ "time": 0, "color": "ffffff00", "curve": "stepped" },
					{ "time": 0.3666, "color": "ffffff00" },
					{ "time": 0.4, "color": "ffffffff", "curve": "stepped" },
					{ "time": 1.8666, "color": "ffffffff" },
					{ "time": 2, "color": "ffffff00" }
				]
			},
			"boom_0001": {
				"attachment": [
					{ "time": 0, "name": null },
					{ "time": 0.3333, "name": "boom_0001" },
					{ "time": 0.4, "name": "boom_0002" },
					{ "time": 0.4666, "name": "boom_0003" },
					{ "time": 0.5333, "name": "boom_0004" },
					{ "time": 0.6, "name": "boom_0005" },
					{ "time": 0.6666, "name": "boom_0006" },
					{ "time": 0.7333, "name": "boom_0007" },
					{ "time": 0.8, "name": null },
					{ "time": 2, "name": null }
				]
			},
			"boom_1": {
				"attachment": [
					{ "time": 0, "name": null },
					{ "time": 0.3333, "name": "boom_0001" },
					{ "time": 0.4, "name": "boom_0002" },
					{ "time": 0.4666, "name": "boom_0003" },
					{ "time": 0.5333, "name": "boom_0004" },
					{ "time": 0.6, "name": "boom_0005" },
					{ "time": 0.6666, "name": "boom_0006" },
					{ "time": 0.7333, "name": "boom_0007" },
					{ "time": 0.8, "name": null },
					{ "time": 2, "name": null }
				]
			},
			"ct": {
				"attachment": [
					{ "time": 0, "name": "shufu" },
					{ "time": 0.3333, "name": null },
					{ "time": 2, "name": null }
				]
			},
			"ding": {
				"attachment": [
					{ "time": 0, "name": "ding" },
					{ "time": 0.3333, "name": null },
					{ "time": 2, "name": null }
				]
			},
			"ding2": {
				"attachment": [
					{ "time": 0, "name": "ding" },
					{ "time": 0.3333, "name": null },
					{ "time": 2, "name": null }
				]
			},
			"ding3": {
				"attachment": [
					{ "time": 0, "name": "ding" },
					{ "time": 0.3333, "name": null },
					{ "time": 2, "name": null }
				]
			},
			"ljr_b01": {
				"color": [
					{ "time": 0, "color": "ffffff00", "curve": "stepped" },
					{ "time": 0.4, "color": "ffffff00" },
					{ "time": 0.4333, "color": "ffffffff", "curve": "stepped" },
					{ "time": 0.5666, "color": "ffffffff" }
				]
			},
			"ljr_b02": {
				"color": [
					{ "time": 0, "color": "ffffff00", "curve": "stepped" },
					{ "time": 0.4, "color": "ffffff00" },
					{ "time": 0.4333, "color": "ffffffff" }
				]
			},
			"ljr_body2": {
				"color": [
					{ "time": 0, "color": "ffffff00", "curve": "stepped" },
					{ "time": 0.4, "color": "ffffff00" },
					{ "time": 0.4333, "color": "ffffffff" }
				]
			},
			"ljr_t": {
				"color": [
					{ "time": 0, "color": "ffffff00", "curve": "stepped" },
					{ "time": 0.4, "color": "ffffff00" },
					{ "time": 0.4333, "color": "ffffffff", "curve": "stepped" },
					{ "time": 2, "color": "ffffffff" }
				]
			},
			"sl": {
				"color": [
					{ "time": 0, "color": "ffffffff", "curve": "stepped" },
					{ "time": 0.3, "color": "ffffffff" },
					{ "time": 0.3333, "color": "ffffff00", "curve": "stepped" },
					{ "time": 2, "color": "ffffff00" }
				]
			},
			"sl2": {
				"color": [
					{ "time": 0, "color": "ffffffff", "curve": "stepped" },
					{ "time": 0.3, "color": "ffffffff" },
					{ "time": 0.3333, "color": "ffffff00", "curve": "stepped" },
					{ "time": 2, "color": "ffffff00" }
				]
			},
			"sl3": {
				"color": [
					{ "time": 0, "color": "ffffffff", "curve": "stepped" },
					{ "time": 0.3, "color": "ffffffff" },
					{ "time": 0.3333, "color": "ffffff00", "curve": "stepped" },
					{ "time": 2, "color": "ffffff00" }
				]
			},
			"sl4": {
				"color": [
					{ "time": 0, "color": "ffffffff", "curve": "stepped" },
					{ "time": 0.3, "color": "ffffffff" },
					{ "time": 0.3333, "color": "ffffff00", "curve": "stepped" },
					{ "time": 2, "color": "ffffff00" }
				]
			},
			"sl5": {
				"attachment": [
					{ "time": 0, "name": "sl" },
					{ "time": 0.3333, "name": null },
					{ "time": 2, "name": null }
				]
			},
			"tie": {
				"color": [
					{ "time": 0, "color": "ffffff00", "curve": "stepped" },
					{ "time": 0.3666, "color": "ffffff00" },
					{ "time": 0.4, "color": "ffffffff", "curve": "stepped" },
					{ "time": 1.8666, "color": "ffffffff" },
					{ "time": 2, "color": "ffffff00" }
				]
			},
			"tie2": {
				"color": [
					{ "time": 0, "color": "ffffff00", "curve": "stepped" },
					{ "time": 0.3666, "color": "ffffff00" },
					{ "time": 0.4, "color": "ffffffff", "curve": "stepped" },
					{ "time": 1.8666, "color": "ffffffff" },
					{ "time": 2, "color": "ffffff00" }
				]
			},
			"yan": {
				"color": [
					{ "time": 0, "color": "ffffff00", "curve": "stepped" },
					{ "time": 0.4, "color": "ffffff00" },
					{ "time": 0.4333, "color": "ffffffff", "curve": "stepped" },
					{ "time": 0.5333, "color": "ffffffff" },
					{ "time": 0.6, "color": "ffffff00", "curve": "stepped" },
					{ "time": 0.7, "color": "ffffff00" },
					{ "time": 0.8, "color": "ffffffff" },
					{ "time": 0.8666, "color": "ffffff00", "curve": "stepped" },
					{ "time": 2, "color": "ffffff00" }
				]
			},
			"yan2": {
				"color": [
					{ "time": 0, "color": "ffffff00", "curve": "stepped" },
					{ "time": 0.4, "color": "ffffff00" },
					{ "time": 0.4333, "color": "ffffffff", "curve": "stepped" },
					{ "time": 0.5333, "color": "ffffffff" },
					{ "time": 0.6, "color": "ffffff00", "curve": "stepped" },
					{ "time": 0.7, "color": "ffffff00" },
					{ "time": 0.8, "color": "ffffffff" },
					{ "time": 0.8666, "color": "ffffff00" }
				]
			}
		},
		"bones": {
			"bone3": {
				"rotate": [
					{ "time": 0, "angle": 0, "curve": "stepped" },
					{ "time": 0.4, "angle": 0 },
					{
						"time": 0.4666,
						"angle": -10.79,
						"curve": [ 0.099, 0.26, 0.75, 1 ]
					},
					{ "time": 0.6333, "angle": -29.95, "curve": "stepped" },
					{ "time": 2, "angle": -29.95 }
				],
				"translate": [
					{ "time": 0, "x": 0, "y": 0, "curve": "stepped" },
					{ "time": 0.4, "x": 0, "y": 0 },
					{ "time": 0.4666, "x": 103.49, "y": 33.99 },
					{ "time": 0.6333, "x": 131.49, "y": -69.5, "curve": "stepped" },
					{ "time": 2, "x": 131.49, "y": -69.5 }
				]
			},
			"bone2": {
				"rotate": [
					{ "time": 0, "angle": 0, "curve": "stepped" },
					{ "time": 0.4333, "angle": 0 },
					{ "time": 0.5, "angle": -21.83 },
					{ "time": 0.5333, "angle": -141.36 },
					{ "time": 0.6, "angle": -19.4 },
					{ "time": 0.7333, "angle": -84.77, "curve": "stepped" },
					{ "time": 2, "angle": -84.77 }
				],
				"translate": [
					{ "time": 0, "x": 0, "y": 0, "curve": "stepped" },
					{
						"time": 0.4333,
						"x": 0,
						"y": 0,
						"curve": [ 0.027, 0.33, 0.75, 1 ]
					},
					{
						"time": 0.5333,
						"x": 92.49,
						"y": 109.99,
						"curve": [ 0.011, 0.23, 0.496, 0.88 ]
					},
					{ "time": 0.7333, "x": 113.49, "y": -25, "curve": "stepped" },
					{ "time": 2, "x": 113.49, "y": -25 }
				]
			},
			"bone": {
				"rotate": [
					{ "time": 0.4666, "angle": 0 },
					{ "time": 0.5, "angle": -99.56 },
					{
						"time": 0.5666,
						"angle": -131.52,
						"curve": [ 0.099, 0.26, 1, 0.82 ]
					},
					{ "time": 0.6666, "angle": 88.48, "curve": "stepped" },
					{ "time": 2, "angle": 88.48 }
				],
				"translate": [
					{ "time": 0, "x": 0, "y": 0, "curve": "stepped" },
					{
						"time": 0.4666,
						"x": 0,
						"y": 0,
						"curve": [ 0.011, 0.26, 0.75, 1 ]
					},
					{
						"time": 0.5666,
						"x": 90.49,
						"y": 152.99,
						"curve": [ 0, 0.24, 1, 0.68 ]
					},
					{ "time": 0.6666, "x": 142.11, "y": -48.17, "curve": "stepped" },
					{ "time": 2, "x": 142.11, "y": -48.17 }
				]
			},
			"bone4": {
				"rotate": [
					{ "time": 0, "angle": 0, "curve": "stepped" },
					{ "time": 0.4, "angle": 0 },
					{ "time": 0.4666, "angle": -147.86 },
					{ "time": 0.5666, "angle": -0.6, "curve": "stepped" },
					{ "time": 2, "angle": -0.6 }
				],
				"translate": [
					{ "time": 0, "x": 0, "y": 0, "curve": "stepped" },
					{ "time": 0.4, "x": 0, "y": 0 },
					{ "time": 0.4666, "x": 76.49, "y": 168.99 },
					{ "time": 0.5666, "x": 115.45, "y": -37.78, "curve": "stepped" },
					{ "time": 2, "x": 115.45, "y": -37.78 }
				]
			},
			"bone8": {
				"rotate": [
					{ "time": 0, "angle": 0, "curve": "stepped" },
					{ "time": 0.4, "angle": 0 },
					{ "time": 0.4666, "angle": 157.05 },
					{ "time": 0.5666, "angle": -17.21, "curve": "stepped" },
					{ "time": 2, "angle": -17.21 }
				],
				"translate": [
					{ "time": 0, "x": 0, "y": 0, "curve": "stepped" },
					{ "time": 0.4, "x": 0, "y": 0 },
					{
						"time": 0.4666,
						"x": -94,
						"y": 73.99,
						"curve": [ 0.25, 0, 0.905, 0.8 ]
					},
					{ "time": 0.5666, "x": -131.49, "y": -12, "curve": "stepped" },
					{ "time": 2, "x": -131.49, "y": -12 }
				]
			},
			"bone7": {
				"rotate": [
					{ "time": 0, "angle": -22.86, "curve": "stepped" },
					{ "time": 0.4, "angle": -22.86 },
					{ "time": 0.4666, "angle": 85.36 },
					{ "time": 0.6, "angle": 139.75, "curve": "stepped" },
					{ "time": 2, "angle": 139.75 }
				],
				"translate": [
					{ "time": 0, "x": -1.99, "y": -20.5, "curve": "stepped" },
					{
						"time": 0.4,
						"x": -1.99,
						"y": -20.5,
						"curve": [ 0.25, 0, 1, 0.8 ]
					},
					{
						"time": 0.4666,
						"x": -106.5,
						"y": 78.49,
						"curve": [ 0, 0.32, 0.75, 1 ]
					},
					{ "time": 0.6, "x": -172.99, "y": -52, "curve": "stepped" },
					{ "time": 2, "x": -172.99, "y": -52 }
				],
				"scale": [
					{ "time": 0, "x": 1, "y": 1, "curve": "stepped" },
					{ "time": 0.4, "x": 1, "y": 1 },
					{ "time": 0.4666, "x": 1, "y": -1.11 },
					{ "time": 0.6, "x": 1, "y": -1, "curve": "stepped" },
					{ "time": 2, "x": 1, "y": -1 }
				]
			},
			"bone6": {
				"rotate": [
					{ "time": 0, "angle": 7.48, "curve": "stepped" },
					{ "time": 0.5, "angle": 7.48 },
					{ "time": 0.6, "angle": -138.32 },
					{ "time": 0.8, "angle": 21.91, "curve": "stepped" },
					{ "time": 2, "angle": 21.91 }
				],
				"translate": [
					{ "time": 0, "x": 11, "y": -27, "curve": "stepped" },
					{
						"time": 0.5,
						"x": 11,
						"y": -27,
						"curve": [ 0.25, 0, 1, 0.8 ]
					},
					{
						"time": 0.6,
						"x": -95.99,
						"y": 143.99,
						"curve": [ 0.549, 0.24, 0.863, 0.87 ]
					},
					{ "time": 0.8, "x": -153.39, "y": -31.27, "curve": "stepped" },
					{ "time": 2, "x": -153.39, "y": -31.27 }
				]
			},
			"bone5": {
				"rotate": [
					{ "time": 0, "angle": -22.86, "curve": "stepped" },
					{ "time": 0.4333, "angle": -22.86 },
					{ "time": 0.5333, "angle": -56.74 },
					{ "time": 0.7, "angle": 86.25, "curve": "stepped" },
					{ "time": 2, "angle": 86.25 }
				],
				"translate": [
					{ "time": 0, "x": 11, "y": -27, "curve": "stepped" },
					{
						"time": 0.4333,
						"x": 11,
						"y": -27,
						"curve": [ 0.606, 0.21, 0.336, 0.94 ]
					},
					{
						"time": 0.5333,
						"x": -73.49,
						"y": 58.99,
						"curve": [ 0, 0.49, 1, 0.79 ]
					},
					{ "time": 0.7, "x": -139.18, "y": -61.94, "curve": "stepped" },
					{ "time": 2, "x": -139.18, "y": -61.94 }
				]
			},
			"sl": {
				"rotate": [
					{ "time": 0, "angle": 0 },
					{ "time": 0.1333, "angle": 1.25 },
					{ "time": 0.2333, "angle": -1.45 },
					{ "time": 0.3333, "angle": 0, "curve": "stepped" },
					{ "time": 2, "angle": 0 }
				],
				"scale": [
					{ "time": 0, "x": 1, "y": 1 },
					{ "time": 0.1333, "x": 0.996, "y": 0.996 },
					{ "time": 0.2333, "x": 1.046, "y": 1.046 },
					{ "time": 0.3333, "x": 1, "y": 1, "curve": "stepped" },
					{ "time": 2, "x": 1, "y": 1 }
				]
			},
			"sl2": {
				"rotate": [
					{ "time": 0, "angle": 0 },
					{ "time": 0.1333, "angle": 2.15 },
					{ "time": 0.2333, "angle": -0.21 },
					{ "time": 0.3333, "angle": 0, "curve": "stepped" },
					{ "time": 2, "angle": 0 }
				],
				"scale": [
					{ "time": 0, "x": 1, "y": 1 },
					{ "time": 0.1333, "x": 0.975, "y": 0.975 },
					{ "time": 0.2333, "x": 1.072, "y": 1.072 },
					{ "time": 0.3333, "x": 1, "y": 1, "curve": "stepped" },
					{ "time": 2, "x": 1, "y": 1 }
				]
			},
			"sl3": {
				"rotate": [
					{ "time": 0, "angle": 0, "curve": "stepped" },
					{ "time": 0.1333, "angle": 0 },
					{ "time": 0.2333, "angle": -2.34 },
					{ "time": 0.3333, "angle": 0, "curve": "stepped" },
					{ "time": 2, "angle": 0 }
				],
				"scale": [
					{ "time": 0, "x": 1, "y": 1 },
					{ "time": 0.1333, "x": 1.056, "y": 1.056 },
					{ "time": 0.2333, "x": 0.954, "y": 0.954 },
					{ "time": 0.3333, "x": 1, "y": 1, "curve": "stepped" },
					{ "time": 2, "x": 1, "y": 1 }
				]
			},
			"sl4": {
				"rotate": [
					{ "time": 0, "angle": 0 },
					{ "time": 0.1333, "angle": 1.34 },
					{ "time": 0.2333, "angle": -2.57 },
					{ "time": 0.3333, "angle": 0, "curve": "stepped" },
					{ "time": 2, "angle": 0 }
				],
				"scale": [
					{ "time": 0, "x": 1, "y": 1 },
					{ "time": 0.1333, "x": 1.021, "y": 1.021 },
					{ "time": 0.2333, "x": 0.997, "y": 0.997 },
					{ "time": 0.3333, "x": 1, "y": 1, "curve": "stepped" },
					{ "time": 2, "x": 1, "y": 1 }
				]
			},
			"shufu": {
				"rotate": [
					{ "time": 0, "angle": 0 },
					{ "time": 0.1333, "angle": 1.79 },
					{ "time": 0.2333, "angle": -2.96 },
					{ "time": 0.3333, "angle": 0, "curve": "stepped" },
					{ "time": 2, "angle": 0 }
				],
				"scale": [
					{ "time": 0, "x": 1, "y": 1 },
					{ "time": 0.2333, "x": 1.018, "y": 1.03 },
					{ "time": 0.3333, "x": 1, "y": 1, "curve": "stepped" },
					{ "time": 2, "x": 1, "y": 1 }
				]
			},
			"penqi": {
				"rotate": [
					{ "time": 0.4666, "angle": 0 },
					{ "time": 0.6, "angle": 16.86 },
					{ "time": 0.6666, "angle": 0, "curve": "stepped" },
					{ "time": 0.7, "angle": 0 },
					{ "time": 0.8666, "angle": 16.86, "curve": "stepped" },
					{ "time": 2, "angle": 16.86 }
				],
				"translate": [
					{ "time": 0.4666, "x": 0, "y": 0 },
					{ "time": 0.6, "x": 20.29, "y": 14.95 },
					{ "time": 0.6666, "x": 0, "y": 0, "curve": "stepped" },
					{ "time": 0.7, "x": 0, "y": 0 },
					{ "time": 0.8666, "x": 20.29, "y": 14.95, "curve": "stepped" },
					{ "time": 2, "x": 20.29, "y": 14.95 }
				],
				"scale": [
					{ "time": 0.4666, "x": 1, "y": 1 },
					{ "time": 0.6, "x": 1.364, "y": 1.364 },
					{ "time": 0.6666, "x": 1, "y": 1, "curve": "stepped" },
					{ "time": 0.7, "x": 1, "y": 1 },
					{ "time": 0.8666, "x": 1.364, "y": 1.364, "curve": "stepped" },
					{ "time": 2, "x": 1.364, "y": 1.364 }
				]
			},
			"bone10": {
				"rotate": [
					{ "time": 0.4333, "angle": 0 },
					{ "time": 0.5666, "angle": -7.98 },
					{ "time": 0.6666, "angle": 0 },
					{ "time": 0.8333, "angle": -7.98 },
					{ "time": 0.9666, "angle": 0, "curve": "stepped" },
					{ "time": 2, "angle": 0 }
				],
				"scale": [
					{ "time": 0.4333, "x": 1, "y": 1 },
					{ "time": 0.5666, "x": 1.038, "y": 1.087 },
					{ "time": 0.6666, "x": 1, "y": 1 },
					{ "time": 0.8333, "x": 1.038, "y": 1.087 },
					{ "time": 0.9666, "x": 1, "y": 1, "curve": "stepped" },
					{ "time": 2, "x": 1, "y": 1 }
				]
			},
			"bone11": {
				"rotate": [
					{ "time": 0.4333, "angle": 0 },
					{ "time": 0.5666, "angle": 5.45 },
					{ "time": 0.6666, "angle": 0 },
					{ "time": 0.8333, "angle": 5.45 },
					{ "time": 0.9666, "angle": 0, "curve": "stepped" },
					{ "time": 2, "angle": 0 }
				],
				"scale": [
					{ "time": 0.4333, "x": 1, "y": 1 },
					{ "time": 0.5666, "x": 1.038, "y": 1.087 },
					{ "time": 0.6666, "x": 1, "y": 1 },
					{ "time": 0.8333, "x": 1.038, "y": 1.087 },
					{ "time": 0.9666, "x": 1, "y": 1, "curve": "stepped" },
					{ "time": 2, "x": 1, "y": 1 }
				]
			},
			"ljr": {
				"scale": [
					{ "time": 0, "x": 1, "y": 1, "curve": "stepped" },
					{ "time": 0.4333, "x": 1, "y": 1 },
					{ "time": 0.5666, "x": 1, "y": 1.021 },
					{ "time": 0.6666, "x": 1, "y": 1 },
					{ "time": 0.8333, "x": 1, "y": 1.021 },
					{ "time": 0.9666, "x": 1, "y": 1, "curve": "stepped" },
					{ "time": 2, "x": 1, "y": 1 }
				]
			},
			"penqi2": {
				"rotate": [
					{ "time": 0.4666, "angle": 0 },
					{ "time": 0.6, "angle": -8.63 },
					{ "time": 0.6666, "angle": 0, "curve": "stepped" },
					{ "time": 0.7, "angle": 0 },
					{ "time": 0.8666, "angle": -8.63 }
				],
				"translate": [
					{ "time": 0.4666, "x": 0, "y": 0 },
					{ "time": 0.6, "x": -32.03, "y": -4.27 },
					{ "time": 0.6666, "x": 0, "y": 0, "curve": "stepped" },
					{ "time": 0.7, "x": 0, "y": 0 },
					{ "time": 0.8666, "x": -32.03, "y": -4.27 }
				],
				"scale": [
					{ "time": 0.4666, "x": 1, "y": 1 },
					{ "time": 0.6, "x": 1.364, "y": 1.364 },
					{ "time": 0.6666, "x": 1, "y": 1, "curve": "stepped" },
					{ "time": 0.7, "x": 1, "y": 1 },
					{ "time": 0.8666, "x": 1.364, "y": 1.364 }
				]
			}
		}
	}
}
}