{
"skeleton": { "hash": "ve1WLolq2IgRtawMbUhyeQudNzo", "spine": "3.6.52", "width": 284, "height": 153.44, "images": "./res/" },
"bones": [
	{ "name": "root", "scaleX": 0.6, "scaleY": 0.6 },
	{ "name": "bone", "parent": "root", "x": -191.76, "y": -86.45, "scaleX": -1.224, "scaleY": 1.228 },
	{ "name": "car", "parent": "root" },
	{ "name": "lunzi01", "parent": "root", "x": -87, "y": -65 },
	{ "name": "lunzi02", "parent": "root", "x": 103, "y": -96 }
],
"slots": [
	{ "name": "23", "bone": "car", "attachment": "23" },
	{ "name": "25", "bone": "lunzi01", "attachment": "25" },
	{ "name": "24", "bone": "lunzi02", "attachment": "24" },
	{ "name": "yan_0001", "bone": "bone", "attachment": "yan_0007" }
],
"skins": {
	"default": {
		"23": {
			"23": { "width": 401, "height": 241 },
			"g05": { "y": -48.59, "width": 321, "height": 171 }
		},
		"24": {
			"24": { "x": -0.62, "y": -4.36, "width": 69, "height": 67 }
		},
		"25": {
			"25": { "x": -1.87, "y": -6.23, "width": 129, "height": 128 }
		},
		"yan_0001": {
			"yan_0001": { "width": 130, "height": 80 },
			"yan_0002": { "width": 130, "height": 80 },
			"yan_0003": { "width": 130, "height": 80 },
			"yan_0004": { "width": 130, "height": 80 },
			"yan_0005": { "width": 130, "height": 80 },
			"yan_0006": { "width": 130, "height": 80 },
			"yan_0007": { "x": 57.98, "y": 26.56, "scaleX": 0.5, "scaleY": 0.5, "width": 33, "height": 30 }
		}
	}
},
"animations": {
	"car_gbl_run": {
		"slots": {
			"23": {
				"attachment": [
					{ "time": 0, "name": "g05" }
				]
			},
			"24": {
				"attachment": [
					{ "time": 0, "name": null }
				]
			},
			"25": {
				"attachment": [
					{ "time": 0, "name": null }
				]
			},
			"yan_0001": {
				"attachment": [
					{ "time": 0, "name": null }
				]
			}
		}
	},
	"car_ljr_run01": {
		"slots": {
			"23": {
				"attachment": [
					{ "time": 0, "name": "23" }
				]
			},
			"24": {
				"attachment": [
					{ "time": 0, "name": "24" }
				]
			},
			"25": {
				"attachment": [
					{ "time": 0, "name": "25" }
				]
			},
			"yan_0001": {
				"attachment": [
					{ "time": 0, "name": null }
				]
			}
		}
	},
	"car_ljr_runtx": {
		"slots": {
			"23": {
				"attachment": [
					{ "time": 0, "name": "23" },
					{ "time": 0.5, "name": "23" }
				]
			},
			"24": {
				"attachment": [
					{ "time": 0, "name": "24" },
					{ "time": 0.5, "name": "24" }
				]
			},
			"25": {
				"attachment": [
					{ "time": 0, "name": "25" },
					{ "time": 0.5, "name": "25" }
				]
			},
			"yan_0001": {
				"attachment": [
					{ "time": 0, "name": "yan_0001" },
					{ "time": 0.0667, "name": "yan_0002" },
					{ "time": 0.1333, "name": "yan_0003" },
					{ "time": 0.2, "name": "yan_0004" },
					{ "time": 0.2667, "name": "yan_0005" },
					{ "time": 0.3333, "name": "yan_0006" },
					{ "time": 0.4, "name": "yan_0007" },
					{ "time": 0.4667, "name": "yan_0001" },
					{ "time": 0.5, "name": null }
				]
			}
		},
		"bones": {
			"car": {
				"translate": [
					{ "time": 0, "x": 0, "y": -1.74 },
					{ "time": 0.2333, "x": 0, "y": 3.49 },
					{ "time": 0.5, "x": 0, "y": -1.74 }
				]
			}
		}
	}
}
}