{
"skeleton": { "hash": "kqzT3rqc90+aw9KUeI7D+HAbmpw", "spine": "2.1.27", "width": 244, "height": 256, "images": "" },
"bones": [
	{ "name": "root" },
	{ "name": "baozha", "parent": "root", "scaleX": 2, "scaleY": 2 },
	{ "name": "bone4", "parent": "root" },
	{ "name": "luosi01", "parent": "root" },
	{ "name": "luosi02", "parent": "root" },
	{ "name": "luosi03", "parent": "root" },
	{ "name": "luosi1", "parent": "root" },
	{ "name": "luosi2", "parent": "root" },
	{ "name": "bone", "parent": "bone4", "x": -42.29, "rotation": 4.98 },
	{ "name": "bone2", "parent": "bone4", "x": -14.82, "rotation": -4.05 },
	{ "name": "bone3", "parent": "bone4", "x": -14.71, "rotation": 0.4 },
	{ "name": "boom_b", "parent": "bone4", "x": -36.69 }
],
"slots": [
	{ "name": "res/boom_0001", "bone": "baozha", "attachment": "res/boom_0007" },
	{ "name": "res/luosi01", "bone": "luosi01", "attachment": "res/luosi01" },
	{ "name": "res/luosi4", "bone": "luosi2", "attachment": "res/luosi01" },
	{ "name": "res/luosi3", "bone": "luosi1", "attachment": "res/luosi01" },
	{ "name": "res/luosi1", "bone": "luosi02", "attachment": "res/luosi03" },
	{ "name": "res/luosi2", "bone": "luosi03", "attachment": "res/luosi02" },
	{ "name": "res/Bu", "bone": "boom_b", "color": "ff2300ff", "attachment": "res/Bu" },
	{ "name": "res/M", "bone": "bone2", "color": "ff2300ff", "attachment": "res/M" },
	{ "name": "res/O", "bone": "bone", "color": "ff2300ff", "attachment": "res/O" },
	{ "name": "res/O2", "bone": "bone3", "color": "ff2300ff", "attachment": "res/O" }
],
"skins": {
	"default": {
		"res/Bu": {
			"res/Bu": { "x": -24.32, "width": 30, "height": 36 }
		},
		"res/M": {
			"res/M": { "x": 49.47, "y": 3.48, "width": 35, "height": 36 }
		},
		"res/O": {
			"res/O": { "x": 10.98, "y": -0.96, "width": 30, "height": 36 }
		},
		"res/O2": {
			"res/O": { "x": 15.69, "y": -0.11, "width": 30, "height": 36 }
		},
		"res/boom_0001": {
			"res/boom_0001": { "x": -5.63, "y": 21.29, "width": 122, "height": 128 },
			"res/boom_0002": { "x": -5.63, "y": 21.3, "width": 122, "height": 128 },
			"res/boom_0003": { "x": -5.63, "y": 21.3, "width": 122, "height": 128 },
			"res/boom_0004": { "x": -5.63, "y": 21.3, "width": 122, "height": 128 },
			"res/boom_0005": { "x": -5.63, "y": 21.3, "width": 122, "height": 128 },
			"res/boom_0006": { "x": -5.63, "y": 21.3, "width": 122, "height": 128 },
			"res/boom_0007": { "x": -5.63, "y": 21.3, "width": 122, "height": 128 }
		},
		"res/luosi01": {
			"res/luosi01": { "width": 30, "height": 30 }
		},
		"res/luosi1": {
			"res/luosi03": { "width": 21, "height": 48 }
		},
		"res/luosi2": {
			"res/luosi02": { "width": 30, "height": 30 }
		},
		"res/luosi3": {
			"res/luosi01": { "width": 30, "height": 30 }
		},
		"res/luosi4": {
			"res/luosi01": { "width": 30, "height": 30 }
		}
	}
},
"animations": {
	"boom": {
		"slots": {
			"res/Bu": {
				"attachment": [
					{ "time": 0, "name": null },
					{ "time": 1, "name": null }
				],
				"color": [
					{ "time": 0, "color": "ff2300ff", "curve": "stepped" },
					{ "time": 0.5, "color": "ff2300ff" },
					{ "time": 0.6333, "color": "ff230000", "curve": "stepped" },
					{ "time": 1, "color": "ff230000" }
				]
			},
			"res/M": {
				"attachment": [
					{ "time": 0, "name": null },
					{ "time": 1, "name": null }
				],
				"color": [
					{ "time": 0, "color": "ff2300ff", "curve": "stepped" },
					{ "time": 0.5, "color": "ff2300ff" },
					{ "time": 0.6333, "color": "ff230000", "curve": "stepped" },
					{ "time": 1, "color": "ff230000" }
				]
			},
			"res/O": {
				"attachment": [
					{ "time": 0, "name": null },
					{ "time": 1, "name": null }
				],
				"color": [
					{ "time": 0, "color": "ff2300ff", "curve": "stepped" },
					{ "time": 0.5, "color": "ff2300ff" },
					{ "time": 0.6333, "color": "ff230000", "curve": "stepped" },
					{ "time": 1, "color": "ff230000" }
				]
			},
			"res/O2": {
				"attachment": [
					{ "time": 0, "name": null },
					{ "time": 1, "name": null }
				],
				"color": [
					{ "time": 0, "color": "ff2300ff", "curve": "stepped" },
					{ "time": 0.5, "color": "ff2300ff" },
					{ "time": 0.6333, "color": "ff230000", "curve": "stepped" },
					{ "time": 1, "color": "ff230000" }
				]
			},
			"res/boom_0001": {
				"attachment": [
					{ "time": 0, "name": "res/boom_0001" },
					{ "time": 0.0666, "name": "res/boom_0002" },
					{ "time": 0.1333, "name": "res/boom_0003" },
					{ "time": 0.2, "name": "res/boom_0004" },
					{ "time": 0.2666, "name": "res/boom_0005" },
					{ "time": 0.3333, "name": "res/boom_0006" },
					{ "time": 0.4, "name": "res/boom_0007" },
					{ "time": 0.4666, "name": null },
					{ "time": 1, "name": null }
				]
			},
			"res/luosi1": {
				"attachment": [
					{ "time": 0, "name": null },
					{ "time": 1, "name": null }
				],
				"color": [
					{ "time": 0, "color": "ffffff00", "curve": "stepped" },
					{ "time": 0.1333, "color": "ffffff00" },
					{ "time": 0.1666, "color": "ffffffff", "curve": "stepped" },
					{ "time": 0.7666, "color": "ffffffff" },
					{ "time": 0.9333, "color": "ffffff00", "curve": "stepped" },
					{ "time": 1, "color": "ffffff00" }
				]
			},
			"res/luosi01": {
				"attachment": [
					{ "time": 0, "name": null },
					{ "time": 1, "name": null }
				],
				"color": [
					{ "time": 0, "color": "ffffff00", "curve": "stepped" },
					{ "time": 0.0666, "color": "ffffff00" },
					{ "time": 0.1, "color": "ffffffff", "curve": "stepped" },
					{ "time": 0.6333, "color": "ffffffff" },
					{ "time": 0.8333, "color": "ffffff00", "curve": "stepped" },
					{ "time": 1, "color": "ffffff00" }
				]
			},
			"res/luosi2": {
				"attachment": [
					{ "time": 0, "name": null },
					{ "time": 1, "name": null }
				],
				"color": [
					{ "time": 0, "color": "ffffff00" },
					{ "time": 0.0333, "color": "ffffffff", "curve": "stepped" },
					{ "time": 0.5666, "color": "ffffffff" },
					{ "time": 0.7, "color": "ffffff00", "curve": "stepped" },
					{ "time": 1, "color": "ffffff00" }
				]
			},
			"res/luosi3": {
				"attachment": [
					{ "time": 0, "name": null },
					{ "time": 1, "name": null }
				],
				"color": [
					{ "time": 0, "color": "ffffff00", "curve": "stepped" },
					{ "time": 0.2333, "color": "ffffff00" },
					{ "time": 0.2666, "color": "ffffffff", "curve": "stepped" },
					{ "time": 0.5, "color": "ffffffff" },
					{ "time": 0.6, "color": "ffffff00", "curve": "stepped" },
					{ "time": 1, "color": "ffffff00" }
				]
			},
			"res/luosi4": {
				"attachment": [
					{ "time": 0, "name": null },
					{ "time": 1, "name": null }
				],
				"color": [
					{ "time": 0, "color": "ffffff00", "curve": "stepped" },
					{ "time": 0.3, "color": "ffffff00" },
					{ "time": 0.3333, "color": "ffffffff", "curve": "stepped" },
					{ "time": 0.5, "color": "ffffffff" },
					{ "time": 0.6, "color": "ffffff00", "curve": "stepped" },
					{ "time": 1, "color": "ffffff00" }
				]
			}
		},
		"bones": {
			"boom_b": {
				"translate": [
					{ "time": 0, "x": 0, "y": 0 },
					{ "time": 0.2333, "x": -11.81, "y": 0 },
					{ "time": 0.5, "x": 0, "y": 0, "curve": "stepped" },
					{ "time": 1, "x": 0, "y": 0 }
				],
				"scale": [
					{ "time": 0, "x": 0, "y": 0 },
					{ "time": 0.2333, "x": 1.398, "y": 1.398 },
					{ "time": 0.5, "x": 1, "y": 1, "curve": "stepped" },
					{ "time": 1, "x": 1, "y": 1 }
				]
			},
			"bone": {
				"translate": [
					{ "time": 0, "x": -11.11, "y": 0 },
					{ "time": 0.5, "x": 0, "y": 0, "curve": "stepped" },
					{ "time": 1, "x": 0, "y": 0 }
				],
				"scale": [
					{ "time": 0, "x": 0, "y": 1 },
					{ "time": 0.2333, "x": 1.223, "y": 1.223 },
					{ "time": 0.5, "x": 1, "y": 1, "curve": "stepped" },
					{ "time": 1, "x": 1, "y": 1 }
				]
			},
			"bone2": {
				"translate": [
					{ "time": 0, "x": -59.38, "y": 0 },
					{ "time": 0.2333, "x": 11.56, "y": 0 },
					{ "time": 0.5, "x": 0, "y": 0, "curve": "stepped" },
					{ "time": 1, "x": 0, "y": 0 }
				],
				"scale": [
					{ "time": 0, "x": 0, "y": 1 },
					{ "time": 0.2333, "x": 1.133, "y": 1.133 },
					{ "time": 0.5, "x": 1, "y": 1, "curve": "stepped" },
					{ "time": 1, "x": 1, "y": 1 }
				]
			},
			"bone3": {
				"translate": [
					{ "time": 0, "x": 0, "y": 0, "curve": "stepped" },
					{ "time": 0.2333, "x": 0, "y": 0, "curve": "stepped" },
					{ "time": 0.5, "x": 0, "y": 0, "curve": "stepped" },
					{ "time": 1, "x": 0, "y": 0 }
				],
				"scale": [
					{ "time": 0, "x": 1, "y": 1 },
					{ "time": 0.2333, "x": 1.172, "y": 1.172 },
					{ "time": 0.5, "x": 1, "y": 1, "curve": "stepped" },
					{ "time": 1, "x": 1, "y": 1 }
				]
			},
			"bone4": {
				"scale": [
					{ "time": 0, "x": 0, "y": 0 },
					{ "time": 0.2333, "x": 1.398, "y": 1.398 },
					{ "time": 0.5, "x": 1, "y": 1, "curve": "stepped" },
					{ "time": 1, "x": 1, "y": 1 }
				]
			},
			"luosi02": {
				"rotate": [
					{ "time": 0, "angle": 0, "curve": "stepped" },
					{ "time": 0.1333, "angle": 0 },
					{ "time": 0.2666, "angle": -180 },
					{ "time": 0.3666, "angle": -270 },
					{ "time": 0.4666, "angle": 360 },
					{ "time": 0.5666, "angle": 270 },
					{ "time": 0.6666, "angle": 180 },
					{ "time": 0.7666, "angle": -280, "curve": "stepped" },
					{ "time": 1, "angle": -280 }
				],
				"translate": [
					{ "time": 0, "x": 0, "y": 0, "curve": "stepped" },
					{ "time": 0.1333, "x": 0, "y": 0 },
					{ "time": 0.4666, "x": 237.68, "y": 129.58 },
					{ "time": 0.9, "x": 348.39, "y": -80.26, "curve": "stepped" },
					{ "time": 1, "x": 348.39, "y": -80.26 }
				],
				"scale": [
					{ "time": 0, "x": 0, "y": 0, "curve": "stepped" },
					{ "time": 0.1333, "x": 0, "y": 0 },
					{ "time": 0.4666, "x": 1, "y": 1, "curve": "stepped" },
					{ "time": 1, "x": 1, "y": 1 }
				]
			},
			"luosi01": {
				"rotate": [
					{ "time": 0, "angle": 0, "curve": "stepped" },
					{ "time": 0.0666, "angle": 0 },
					{ "time": 0.2, "angle": -180 },
					{ "time": 0.3, "angle": -270 },
					{ "time": 0.4, "angle": 360 },
					{ "time": 0.5, "angle": 270 },
					{ "time": 0.6, "angle": 180 },
					{ "time": 0.7, "angle": -280 },
					{ "time": 0.7666, "angle": 155.13 },
					{ "time": 0.8333, "angle": -56.47, "curve": "stepped" },
					{ "time": 1, "angle": -56.47 }
				],
				"translate": [
					{ "time": 0, "x": 0, "y": 0, "curve": "stepped" },
					{ "time": 0.0666, "x": 0, "y": 0 },
					{ "time": 0.4, "x": -197, "y": 214.08 },
					{ "time": 0.7666, "x": -316.93, "y": -0.53, "curve": "stepped" },
					{ "time": 1, "x": -316.93, "y": -0.53 }
				],
				"scale": [
					{ "time": 0, "x": 0, "y": 0, "curve": "stepped" },
					{ "time": 0.0666, "x": 0, "y": 0 },
					{ "time": 0.4, "x": 1, "y": 1, "curve": "stepped" },
					{ "time": 1, "x": 1, "y": 1 }
				]
			},
			"luosi03": {
				"rotate": [
					{ "time": 0, "angle": 0 },
					{ "time": 0.1333, "angle": -180 },
					{ "time": 0.2333, "angle": -270 },
					{ "time": 0.3333, "angle": 360 },
					{ "time": 0.4333, "angle": 270 },
					{ "time": 0.5333, "angle": 180 },
					{ "time": 0.6333, "angle": -280 },
					{ "time": 0.7, "angle": 155.13 },
					{ "time": 1, "angle": -56.47 }
				],
				"translate": [
					{ "time": 0, "x": 0, "y": 0 },
					{ "time": 0.3333, "x": 115.77, "y": 290.68 },
					{ "time": 0.6666, "x": 178.55, "y": -8.47, "curve": "stepped" },
					{ "time": 1, "x": 178.55, "y": -8.47 }
				],
				"scale": [
					{ "time": 0, "x": 0, "y": 0 },
					{ "time": 0.3333, "x": 1, "y": 1, "curve": "stepped" },
					{ "time": 1, "x": 1, "y": 1 }
				]
			},
			"luosi1": {
				"rotate": [
					{ "time": 0.0333, "angle": 0 },
					{ "time": 0.1666, "angle": -180 },
					{ "time": 0.2666, "angle": -270 },
					{ "time": 0.3666, "angle": 360 },
					{ "time": 0.4666, "angle": 270 },
					{ "time": 0.5666, "angle": 180 },
					{ "time": 0.6666, "angle": -280, "curve": "stepped" },
					{ "time": 1, "angle": -280 }
				],
				"translate": [
					{ "time": 0, "x": 0, "y": 0, "curve": "stepped" },
					{ "time": 0.2333, "x": 0, "y": 0 },
					{ "time": 0.5666, "x": -267.22, "y": -193.4, "curve": "stepped" },
					{ "time": 1, "x": -267.22, "y": -193.4 }
				],
				"scale": [
					{ "time": 0, "x": 0, "y": 0, "curve": "stepped" },
					{ "time": 0.2333, "x": 0, "y": 0 },
					{ "time": 0.5, "x": 1, "y": 1, "curve": "stepped" },
					{ "time": 1, "x": 1, "y": 1 }
				]
			},
			"luosi2": {
				"rotate": [
					{ "time": 0, "angle": 0 },
					{ "time": 0.1666, "angle": -180 },
					{ "time": 0.2666, "angle": -270 },
					{ "time": 0.3666, "angle": 360 },
					{ "time": 0.4666, "angle": 270 },
					{ "time": 0.5666, "angle": 180 },
					{ "time": 0.6666, "angle": -280 },
					{ "time": 0.7333, "angle": 155.13 },
					{ "time": 1, "angle": -56.47 }
				],
				"translate": [
					{ "time": 0, "x": 0, "y": 0, "curve": "stepped" },
					{ "time": 0.3, "x": 0, "y": 0 },
					{ "time": 0.5666, "x": 128.27, "y": -129.27, "curve": "stepped" },
					{ "time": 1, "x": 128.27, "y": -129.27 }
				],
				"scale": [
					{ "time": 0, "x": 1, "y": 1, "curve": "stepped" },
					{ "time": 0.2333, "x": 1, "y": 1 },
					{ "time": 0.3666, "x": 0, "y": 0 },
					{ "time": 0.5, "x": 1, "y": 1, "curve": "stepped" },
					{ "time": 1, "x": 1, "y": 1 }
				]
			}
		}
	},
	"jx_boom": {
		"slots": {
			"res/Bu": {
				"color": [
					{ "time": 0, "color": "ff2300ff", "curve": "stepped" },
					{ "time": 0.5, "color": "ff2300ff" },
					{ "time": 0.6333, "color": "ff230000", "curve": "stepped" },
					{ "time": 1, "color": "ff230000" }
				]
			},
			"res/M": {
				"color": [
					{ "time": 0, "color": "ff2300ff", "curve": "stepped" },
					{ "time": 0.5, "color": "ff2300ff" },
					{ "time": 0.6333, "color": "ff230000", "curve": "stepped" },
					{ "time": 1, "color": "ff230000" }
				]
			},
			"res/O": {
				"color": [
					{ "time": 0, "color": "ff2300ff", "curve": "stepped" },
					{ "time": 0.5, "color": "ff2300ff" },
					{ "time": 0.6333, "color": "ff230000", "curve": "stepped" },
					{ "time": 1, "color": "ff230000" }
				]
			},
			"res/O2": {
				"color": [
					{ "time": 0, "color": "ff2300ff", "curve": "stepped" },
					{ "time": 0.5, "color": "ff2300ff" },
					{ "time": 0.6333, "color": "ff230000", "curve": "stepped" },
					{ "time": 1, "color": "ff230000" }
				]
			},
			"res/boom_0001": {
				"attachment": [
					{ "time": 0, "name": "res/boom_0001" },
					{ "time": 0.0666, "name": "res/boom_0002" },
					{ "time": 0.1333, "name": "res/boom_0003" },
					{ "time": 0.2, "name": "res/boom_0004" },
					{ "time": 0.2666, "name": "res/boom_0005" },
					{ "time": 0.3333, "name": "res/boom_0006" },
					{ "time": 0.4, "name": "res/boom_0007" },
					{ "time": 0.4666, "name": null },
					{ "time": 1, "name": null }
				]
			},
			"res/luosi1": {
				"attachment": [
					{ "time": 0, "name": null },
					{ "time": 1, "name": null }
				],
				"color": [
					{ "time": 0, "color": "ffffff00", "curve": "stepped" },
					{ "time": 0.1333, "color": "ffffff00" },
					{ "time": 0.1666, "color": "ffffffff", "curve": "stepped" },
					{ "time": 0.7666, "color": "ffffffff" },
					{ "time": 0.9333, "color": "ffffff00", "curve": "stepped" },
					{ "time": 1, "color": "ffffff00" }
				]
			},
			"res/luosi01": {
				"attachment": [
					{ "time": 0, "name": null },
					{ "time": 1, "name": null }
				],
				"color": [
					{ "time": 0, "color": "ffffff00", "curve": "stepped" },
					{ "time": 0.0666, "color": "ffffff00" },
					{ "time": 0.1, "color": "ffffffff", "curve": "stepped" },
					{ "time": 0.6333, "color": "ffffffff" },
					{ "time": 0.8333, "color": "ffffff00", "curve": "stepped" },
					{ "time": 1, "color": "ffffff00" }
				]
			},
			"res/luosi2": {
				"attachment": [
					{ "time": 0, "name": null },
					{ "time": 1, "name": null }
				],
				"color": [
					{ "time": 0, "color": "ffffff00" },
					{ "time": 0.0333, "color": "ffffffff", "curve": "stepped" },
					{ "time": 0.5666, "color": "ffffffff" },
					{ "time": 0.7, "color": "ffffff00", "curve": "stepped" },
					{ "time": 1, "color": "ffffff00" }
				]
			},
			"res/luosi3": {
				"attachment": [
					{ "time": 0, "name": null },
					{ "time": 1, "name": null }
				],
				"color": [
					{ "time": 0, "color": "ffffff00", "curve": "stepped" },
					{ "time": 0.2333, "color": "ffffff00" },
					{ "time": 0.2666, "color": "ffffffff", "curve": "stepped" },
					{ "time": 0.5, "color": "ffffffff" },
					{ "time": 0.6, "color": "ffffff00", "curve": "stepped" },
					{ "time": 1, "color": "ffffff00" }
				]
			},
			"res/luosi4": {
				"attachment": [
					{ "time": 0, "name": null },
					{ "time": 1, "name": null }
				],
				"color": [
					{ "time": 0, "color": "ffffff00", "curve": "stepped" },
					{ "time": 0.3, "color": "ffffff00" },
					{ "time": 0.3333, "color": "ffffffff", "curve": "stepped" },
					{ "time": 0.5, "color": "ffffffff" },
					{ "time": 0.6, "color": "ffffff00", "curve": "stepped" },
					{ "time": 1, "color": "ffffff00" }
				]
			}
		},
		"bones": {
			"boom_b": {
				"translate": [
					{ "time": 0, "x": 0, "y": 0 },
					{ "time": 0.2333, "x": -11.81, "y": 0 },
					{ "time": 0.5, "x": 0, "y": 0, "curve": "stepped" },
					{ "time": 1, "x": 0, "y": 0 }
				],
				"scale": [
					{ "time": 0, "x": 0, "y": 0 },
					{ "time": 0.2333, "x": 1.398, "y": 1.398 },
					{ "time": 0.5, "x": 1, "y": 1, "curve": "stepped" },
					{ "time": 1, "x": 1, "y": 1 }
				]
			},
			"bone": {
				"translate": [
					{ "time": 0, "x": -11.11, "y": 0 },
					{ "time": 0.5, "x": 0, "y": 0, "curve": "stepped" },
					{ "time": 1, "x": 0, "y": 0 }
				],
				"scale": [
					{ "time": 0, "x": 0, "y": 1 },
					{ "time": 0.2333, "x": 1.223, "y": 1.223 },
					{ "time": 0.5, "x": 1, "y": 1, "curve": "stepped" },
					{ "time": 1, "x": 1, "y": 1 }
				]
			},
			"bone2": {
				"translate": [
					{ "time": 0, "x": -59.38, "y": 0 },
					{ "time": 0.2333, "x": 11.56, "y": 0 },
					{ "time": 0.5, "x": 0, "y": 0, "curve": "stepped" },
					{ "time": 1, "x": 0, "y": 0 }
				],
				"scale": [
					{ "time": 0, "x": 0, "y": 1 },
					{ "time": 0.2333, "x": 1.133, "y": 1.133 },
					{ "time": 0.5, "x": 1, "y": 1, "curve": "stepped" },
					{ "time": 1, "x": 1, "y": 1 }
				]
			},
			"bone3": {
				"translate": [
					{ "time": 0, "x": 0, "y": 0, "curve": "stepped" },
					{ "time": 0.2333, "x": 0, "y": 0, "curve": "stepped" },
					{ "time": 0.5, "x": 0, "y": 0, "curve": "stepped" },
					{ "time": 1, "x": 0, "y": 0 }
				],
				"scale": [
					{ "time": 0, "x": 1, "y": 1 },
					{ "time": 0.2333, "x": 1.172, "y": 1.172 },
					{ "time": 0.5, "x": 1, "y": 1, "curve": "stepped" },
					{ "time": 1, "x": 1, "y": 1 }
				]
			},
			"bone4": {
				"scale": [
					{ "time": 0, "x": 0, "y": 0 },
					{ "time": 0.2333, "x": 1.398, "y": 1.398 },
					{ "time": 0.5, "x": 1, "y": 1, "curve": "stepped" },
					{ "time": 1, "x": 1, "y": 1 }
				]
			},
			"luosi02": {
				"rotate": [
					{ "time": 0, "angle": 0, "curve": "stepped" },
					{ "time": 0.1333, "angle": 0 },
					{ "time": 0.2666, "angle": -180 },
					{ "time": 0.3666, "angle": -270 },
					{ "time": 0.4666, "angle": 360 },
					{ "time": 0.5666, "angle": 270 },
					{ "time": 0.6666, "angle": 180 },
					{ "time": 0.7666, "angle": -280, "curve": "stepped" },
					{ "time": 1, "angle": -280 }
				],
				"translate": [
					{ "time": 0, "x": 0, "y": 0, "curve": "stepped" },
					{ "time": 0.1333, "x": 0, "y": 0 },
					{ "time": 0.4666, "x": 237.68, "y": 129.58 },
					{ "time": 0.9, "x": 348.39, "y": -80.26, "curve": "stepped" },
					{ "time": 1, "x": 348.39, "y": -80.26 }
				],
				"scale": [
					{ "time": 0, "x": 0, "y": 0, "curve": "stepped" },
					{ "time": 0.1333, "x": 0, "y": 0 },
					{ "time": 0.4666, "x": 1, "y": 1, "curve": "stepped" },
					{ "time": 1, "x": 1, "y": 1 }
				]
			},
			"luosi01": {
				"rotate": [
					{ "time": 0, "angle": 0, "curve": "stepped" },
					{ "time": 0.0666, "angle": 0 },
					{ "time": 0.2, "angle": -180 },
					{ "time": 0.3, "angle": -270 },
					{ "time": 0.4, "angle": 360 },
					{ "time": 0.5, "angle": 270 },
					{ "time": 0.6, "angle": 180 },
					{ "time": 0.7, "angle": -280 },
					{ "time": 0.7666, "angle": 155.13 },
					{ "time": 0.8333, "angle": -56.47, "curve": "stepped" },
					{ "time": 1, "angle": -56.47 }
				],
				"translate": [
					{ "time": 0, "x": 0, "y": 0, "curve": "stepped" },
					{ "time": 0.0666, "x": 0, "y": 0 },
					{ "time": 0.4, "x": -197, "y": 214.08 },
					{ "time": 0.7666, "x": -316.93, "y": -0.53, "curve": "stepped" },
					{ "time": 1, "x": -316.93, "y": -0.53 }
				],
				"scale": [
					{ "time": 0, "x": 0, "y": 0, "curve": "stepped" },
					{ "time": 0.0666, "x": 0, "y": 0 },
					{ "time": 0.4, "x": 1, "y": 1, "curve": "stepped" },
					{ "time": 1, "x": 1, "y": 1 }
				]
			},
			"luosi03": {
				"rotate": [
					{ "time": 0, "angle": 0 },
					{ "time": 0.1333, "angle": -180 },
					{ "time": 0.2333, "angle": -270 },
					{ "time": 0.3333, "angle": 360 },
					{ "time": 0.4333, "angle": 270 },
					{ "time": 0.5333, "angle": 180 },
					{ "time": 0.6333, "angle": -280 },
					{ "time": 0.7, "angle": 155.13 },
					{ "time": 1, "angle": -56.47 }
				],
				"translate": [
					{ "time": 0, "x": 0, "y": 0 },
					{ "time": 0.3333, "x": 115.77, "y": 290.68 },
					{ "time": 0.6666, "x": 178.55, "y": -8.47, "curve": "stepped" },
					{ "time": 1, "x": 178.55, "y": -8.47 }
				],
				"scale": [
					{ "time": 0, "x": 0, "y": 0 },
					{ "time": 0.3333, "x": 1, "y": 1, "curve": "stepped" },
					{ "time": 1, "x": 1, "y": 1 }
				]
			},
			"luosi1": {
				"rotate": [
					{ "time": 0, "angle": 0, "curve": "stepped" },
					{ "time": 0.0333, "angle": 0 },
					{ "time": 0.1666, "angle": -180 },
					{ "time": 0.2666, "angle": -270 },
					{ "time": 0.3666, "angle": 360 },
					{ "time": 0.4666, "angle": 270 },
					{ "time": 0.5666, "angle": 180 },
					{ "time": 0.6666, "angle": -280, "curve": "stepped" },
					{ "time": 1, "angle": -280 }
				],
				"translate": [
					{ "time": 0, "x": 0, "y": 0, "curve": "stepped" },
					{ "time": 0.2333, "x": 0, "y": 0 },
					{ "time": 0.5666, "x": -267.22, "y": -193.4, "curve": "stepped" },
					{ "time": 1, "x": -267.22, "y": -193.4 }
				],
				"scale": [
					{ "time": 0, "x": 0, "y": 0, "curve": "stepped" },
					{ "time": 0.2333, "x": 0, "y": 0 },
					{ "time": 0.5, "x": 1, "y": 1, "curve": "stepped" },
					{ "time": 1, "x": 1, "y": 1 }
				]
			},
			"luosi2": {
				"rotate": [
					{ "time": 0, "angle": 0 },
					{ "time": 0.1666, "angle": -180 },
					{ "time": 0.2666, "angle": -270 },
					{ "time": 0.3666, "angle": 360 },
					{ "time": 0.4666, "angle": 270 },
					{ "time": 0.5666, "angle": 180 },
					{ "time": 0.6666, "angle": -280 },
					{ "time": 0.7333, "angle": 155.13 },
					{ "time": 1, "angle": -56.47 }
				],
				"translate": [
					{ "time": 0, "x": 0, "y": 0, "curve": "stepped" },
					{ "time": 0.3, "x": 0, "y": 0 },
					{ "time": 0.5666, "x": 128.27, "y": -129.27, "curve": "stepped" },
					{ "time": 1, "x": 128.27, "y": -129.27 }
				],
				"scale": [
					{ "time": 0, "x": 1, "y": 1, "curve": "stepped" },
					{ "time": 0.2333, "x": 1, "y": 1 },
					{ "time": 0.3666, "x": 0, "y": 0 },
					{ "time": 0.5, "x": 1, "y": 1, "curve": "stepped" },
					{ "time": 1, "x": 1, "y": 1 }
				]
			}
		}
	},
	"jx_boom2": {
		"slots": {
			"res/Bu": {
				"attachment": [
					{ "time": 0, "name": null },
					{ "time": 1, "name": null }
				],
				"color": [
					{ "time": 0, "color": "ff2300ff", "curve": "stepped" },
					{ "time": 0.5, "color": "ff2300ff" },
					{ "time": 0.6333, "color": "ff230000", "curve": "stepped" },
					{ "time": 1, "color": "ff230000" }
				]
			},
			"res/M": {
				"attachment": [
					{ "time": 0, "name": null },
					{ "time": 1, "name": null }
				],
				"color": [
					{ "time": 0, "color": "ff2300ff", "curve": "stepped" },
					{ "time": 0.5, "color": "ff2300ff" },
					{ "time": 0.6333, "color": "ff230000", "curve": "stepped" },
					{ "time": 1, "color": "ff230000" }
				]
			},
			"res/O": {
				"attachment": [
					{ "time": 0, "name": null },
					{ "time": 1, "name": null }
				],
				"color": [
					{ "time": 0, "color": "ff2300ff", "curve": "stepped" },
					{ "time": 0.5, "color": "ff2300ff" },
					{ "time": 0.6333, "color": "ff230000", "curve": "stepped" },
					{ "time": 1, "color": "ff230000" }
				]
			},
			"res/O2": {
				"attachment": [
					{ "time": 0, "name": null }
				],
				"color": [
					{ "time": 0, "color": "ff2300ff", "curve": "stepped" },
					{ "time": 0.5, "color": "ff2300ff" },
					{ "time": 0.6333, "color": "ff230000", "curve": "stepped" },
					{ "time": 1, "color": "ff230000" }
				]
			},
			"res/boom_0001": {
				"attachment": [
					{ "time": 0, "name": "res/boom_0001" },
					{ "time": 0.0666, "name": "res/boom_0002" },
					{ "time": 0.1333, "name": "res/boom_0003" },
					{ "time": 0.2, "name": "res/boom_0004" },
					{ "time": 0.2666, "name": "res/boom_0005" },
					{ "time": 0.3333, "name": "res/boom_0006" },
					{ "time": 0.4, "name": "res/boom_0007" },
					{ "time": 0.4666, "name": null },
					{ "time": 1, "name": null }
				]
			},
			"res/luosi1": {
				"color": [
					{ "time": 0, "color": "ffffff00", "curve": "stepped" },
					{ "time": 0.1333, "color": "ffffff00" },
					{ "time": 0.1666, "color": "ffffffff", "curve": "stepped" },
					{ "time": 0.7666, "color": "ffffffff" },
					{ "time": 0.9333, "color": "ffffff00", "curve": "stepped" },
					{ "time": 1, "color": "ffffff00" }
				]
			},
			"res/luosi01": {
				"color": [
					{ "time": 0, "color": "ffffff00", "curve": "stepped" },
					{ "time": 0.0666, "color": "ffffff00" },
					{ "time": 0.1, "color": "ffffffff", "curve": "stepped" },
					{ "time": 0.6333, "color": "ffffffff" },
					{ "time": 0.8333, "color": "ffffff00", "curve": "stepped" },
					{ "time": 1, "color": "ffffff00" }
				]
			},
			"res/luosi2": {
				"color": [
					{ "time": 0, "color": "ffffff00" },
					{ "time": 0.0333, "color": "ffffffff", "curve": "stepped" },
					{ "time": 0.5666, "color": "ffffffff" },
					{ "time": 0.7, "color": "ffffff00", "curve": "stepped" },
					{ "time": 1, "color": "ffffff00" }
				]
			},
			"res/luosi3": {
				"color": [
					{ "time": 0, "color": "ffffff00", "curve": "stepped" },
					{ "time": 0.2333, "color": "ffffff00" },
					{ "time": 0.2666, "color": "ffffffff", "curve": "stepped" },
					{ "time": 0.5, "color": "ffffffff" },
					{ "time": 0.6, "color": "ffffff00", "curve": "stepped" },
					{ "time": 1, "color": "ffffff00" }
				]
			},
			"res/luosi4": {
				"color": [
					{ "time": 0, "color": "ffffff00", "curve": "stepped" },
					{ "time": 0.3, "color": "ffffff00" },
					{ "time": 0.3333, "color": "ffffffff", "curve": "stepped" },
					{ "time": 0.5, "color": "ffffffff" },
					{ "time": 0.6, "color": "ffffff00", "curve": "stepped" },
					{ "time": 1, "color": "ffffff00" }
				]
			}
		},
		"bones": {
			"boom_b": {
				"translate": [
					{ "time": 0, "x": 0, "y": 0 },
					{ "time": 0.2333, "x": -11.81, "y": 0 },
					{ "time": 0.5, "x": 0, "y": 0, "curve": "stepped" },
					{ "time": 1, "x": 0, "y": 0 }
				],
				"scale": [
					{ "time": 0, "x": 0, "y": 0 },
					{ "time": 0.2333, "x": 1.398, "y": 1.398 },
					{ "time": 0.5, "x": 1, "y": 1, "curve": "stepped" },
					{ "time": 1, "x": 1, "y": 1 }
				]
			},
			"bone": {
				"translate": [
					{ "time": 0, "x": -11.11, "y": 0 },
					{ "time": 0.5, "x": 0, "y": 0, "curve": "stepped" },
					{ "time": 1, "x": 0, "y": 0 }
				],
				"scale": [
					{ "time": 0, "x": 0, "y": 1 },
					{ "time": 0.2333, "x": 1.223, "y": 1.223 },
					{ "time": 0.5, "x": 1, "y": 1, "curve": "stepped" },
					{ "time": 1, "x": 1, "y": 1 }
				]
			},
			"bone2": {
				"translate": [
					{ "time": 0, "x": -59.38, "y": 0 },
					{ "time": 0.2333, "x": 11.56, "y": 0 },
					{ "time": 0.5, "x": 0, "y": 0, "curve": "stepped" },
					{ "time": 1, "x": 0, "y": 0 }
				],
				"scale": [
					{ "time": 0, "x": 0, "y": 1 },
					{ "time": 0.2333, "x": 1.133, "y": 1.133 },
					{ "time": 0.5, "x": 1, "y": 1, "curve": "stepped" },
					{ "time": 1, "x": 1, "y": 1 }
				]
			},
			"bone3": {
				"translate": [
					{ "time": 0, "x": 0, "y": 0, "curve": "stepped" },
					{ "time": 0.2333, "x": 0, "y": 0, "curve": "stepped" },
					{ "time": 0.5, "x": 0, "y": 0, "curve": "stepped" },
					{ "time": 1, "x": 0, "y": 0 }
				],
				"scale": [
					{ "time": 0, "x": 1, "y": 1 },
					{ "time": 0.2333, "x": 1.172, "y": 1.172 },
					{ "time": 0.5, "x": 1, "y": 1, "curve": "stepped" },
					{ "time": 1, "x": 1, "y": 1 }
				]
			},
			"bone4": {
				"scale": [
					{ "time": 0, "x": 0, "y": 0 },
					{ "time": 0.2333, "x": 1.398, "y": 1.398 },
					{ "time": 0.5, "x": 1, "y": 1, "curve": "stepped" },
					{ "time": 1, "x": 1, "y": 1 }
				]
			},
			"luosi02": {
				"rotate": [
					{ "time": 0, "angle": 0, "curve": "stepped" },
					{ "time": 0.1333, "angle": 0 },
					{ "time": 0.2666, "angle": -180 },
					{ "time": 0.3666, "angle": -270 },
					{ "time": 0.4666, "angle": 360 },
					{ "time": 0.5666, "angle": 270 },
					{ "time": 0.6666, "angle": 180 },
					{ "time": 0.7666, "angle": -280, "curve": "stepped" },
					{ "time": 1, "angle": -280 }
				],
				"translate": [
					{ "time": 0, "x": 0, "y": 0, "curve": "stepped" },
					{ "time": 0.1333, "x": 0, "y": 0 },
					{ "time": 0.4666, "x": 103.44, "y": 107.81 },
					{ "time": 0.9, "x": 196.92, "y": -43.07, "curve": "stepped" },
					{ "time": 1, "x": 196.92, "y": -43.07 }
				],
				"scale": [
					{ "time": 0, "x": 0, "y": 0, "curve": "stepped" },
					{ "time": 0.1333, "x": 0, "y": 0 },
					{ "time": 0.4666, "x": 1, "y": 1, "curve": "stepped" },
					{ "time": 1, "x": 1, "y": 1 }
				]
			},
			"luosi01": {
				"rotate": [
					{ "time": 0, "angle": 0, "curve": "stepped" },
					{ "time": 0.0666, "angle": 0 },
					{ "time": 0.2, "angle": -180 },
					{ "time": 0.3, "angle": -270 },
					{ "time": 0.4, "angle": 360 },
					{ "time": 0.5, "angle": 270 },
					{ "time": 0.6, "angle": 180 },
					{ "time": 0.7, "angle": -280 },
					{ "time": 0.7666, "angle": 155.13 },
					{ "time": 0.8333, "angle": -56.47, "curve": "stepped" },
					{ "time": 1, "angle": -56.47 }
				],
				"translate": [
					{ "time": 0, "x": 0, "y": 0, "curve": "stepped" },
					{ "time": 0.0666, "x": 0, "y": 0 },
					{ "time": 0.4, "x": -144.39, "y": 139.71 },
					{ "time": 0.7666, "x": -223.51, "y": -0.53, "curve": "stepped" },
					{ "time": 1, "x": -223.51, "y": -0.53 }
				],
				"scale": [
					{ "time": 0, "x": 0, "y": 0, "curve": "stepped" },
					{ "time": 0.0666, "x": 0, "y": 0 },
					{ "time": 0.4, "x": 1, "y": 1, "curve": "stepped" },
					{ "time": 1, "x": 1, "y": 1 }
				]
			},
			"luosi03": {
				"rotate": [
					{ "time": 0, "angle": 0 },
					{ "time": 0.1333, "angle": -180 },
					{ "time": 0.2333, "angle": -270 },
					{ "time": 0.3333, "angle": 360 },
					{ "time": 0.4333, "angle": 270 },
					{ "time": 0.5333, "angle": 180 },
					{ "time": 0.6333, "angle": -280 },
					{ "time": 0.7, "angle": 155.13 },
					{ "time": 1, "angle": -56.47 }
				],
				"translate": [
					{ "time": 0, "x": 0, "y": 0 },
					{ "time": 0.3333, "x": 59.54, "y": 182.74 },
					{ "time": 0.6666, "x": 160.41, "y": -8.47 },
					{ "time": 1, "x": 178.55, "y": -8.47 }
				],
				"scale": [
					{ "time": 0, "x": 0, "y": 0 },
					{ "time": 0.3333, "x": 1, "y": 1, "curve": "stepped" },
					{ "time": 1, "x": 1, "y": 1 }
				]
			},
			"luosi1": {
				"rotate": [
					{ "time": 0, "angle": 0, "curve": "stepped" },
					{ "time": 0.0333, "angle": 0 },
					{ "time": 0.1666, "angle": -180 },
					{ "time": 0.2666, "angle": -270 },
					{ "time": 0.3666, "angle": 360 },
					{ "time": 0.4666, "angle": 270 },
					{ "time": 0.5666, "angle": 180 },
					{ "time": 0.6666, "angle": -280, "curve": "stepped" },
					{ "time": 1, "angle": -280 }
				],
				"translate": [
					{ "time": 0, "x": 0, "y": 0, "curve": "stepped" },
					{ "time": 0.2333, "x": 0, "y": 0 },
					{ "time": 0.5666, "x": -151.12, "y": -133.54, "curve": "stepped" },
					{ "time": 1, "x": -151.12, "y": -133.54 }
				],
				"scale": [
					{ "time": 0, "x": 0, "y": 0, "curve": "stepped" },
					{ "time": 0.2333, "x": 0, "y": 0 },
					{ "time": 0.5, "x": 1, "y": 1, "curve": "stepped" },
					{ "time": 1, "x": 1, "y": 1 }
				]
			},
			"luosi2": {
				"rotate": [
					{ "time": 0, "angle": 0 },
					{ "time": 0.1666, "angle": -180 },
					{ "time": 0.2666, "angle": -270 },
					{ "time": 0.3666, "angle": 360 },
					{ "time": 0.4666, "angle": 270 },
					{ "time": 0.5666, "angle": 180 },
					{ "time": 0.6666, "angle": -280 },
					{ "time": 0.7333, "angle": 155.13 },
					{ "time": 1, "angle": -56.47 }
				],
				"translate": [
					{ "time": 0, "x": 0, "y": 0, "curve": "stepped" },
					{ "time": 0.3, "x": 0, "y": 0 },
					{ "time": 0.5666, "x": 81.1, "y": -105.69, "curve": "stepped" },
					{ "time": 1, "x": 81.1, "y": -105.69 }
				],
				"scale": [
					{ "time": 0, "x": 1, "y": 1, "curve": "stepped" },
					{ "time": 0.2333, "x": 1, "y": 1 },
					{ "time": 0.3666, "x": 0, "y": 0 },
					{ "time": 0.5, "x": 1, "y": 1, "curve": "stepped" },
					{ "time": 1, "x": 1, "y": 1 }
				]
			}
		}
	}
}
}